name,nt,aa,nt_length,Tm
hpkf1,CAGATGACCCAGTCTCCATCCTC,QMTQSPSX,23,66.7
hpkf2,GTGATGACTCAGTCTCCACTCTCC,VMTQSPLS,24,66.6
hpkf3,GTGTTGACACAGTCTCCAGCC,VLTQSPA,21,66
hpkf4,GTGATGACCCAGACTCCACTCTC,VMTQTPLX,23,66.8
hpkf5,GTGCTGACTCAGTCTCCAGAC,VLTQSPD,21,65
hpkf6,CAGATGACCCAGTCTCCATCTTC,QMTQSPSX,23,65.1
hpkf7,CAGATGACCCAGTCTCCTTCCAC,QMTQSPSX,23,67.1
hpkf8,TGGATGACCCAGTCTCCATCC,WMTQSPS,21,66.3
hpkf9,CAGATGACCCAGTCTCCATCTGC,QMTQSPSX,23,67.4
hpkf10,GTGTTGACGCAGTCTCCAGG,VLTQSPX,20,65.8
hpkf11,ACACTCACGCAGTCTCCAGC,TLTQSPX,20,67.3
