seq,gene,primer_0,primer_1,primer_2,primer_3,primer_4,primer_5,primer_6,primer_7,primer_8,primer_9,primer_10,primer_11,primer_12
CAGTCTGTGCTGACTCAGCCACCCTCGGTG,IGLV1-36*01,,,,,,,,,,,,,
CAGTCTGTGCTGACGCAGCCGCCCTCAGTG,IGLV1-40*01,,,,,,,,,,,,,
CAGTCTGTCGTGACGCAGCCGCCCTCAGTG,IGLV1-40*02,,,,,,,,,,,,,
CAGTCTGTCGTGACGCAGCCGCCCTCAGTG,IGLV1-40*03,,,,,,,,,,,,,
CAGTCTGTGCTGACTCAGCCACCCTCAGCG,IGLV1-44*01,,,,,,,,,,,,,
CAGTCTGTGCTGACTCAGCCACCCTCAGCG,IGLV1-47*01,,,,,,,,,,,,,
CAGTCTGTGCTGACTCAGCCACCCTCAGCG,IGLV1-47*02,,,,,,,,,,,,,
CAGTCTGTGTTGACGCAGCCGCCCTCAGTG,IGLV1-51*01,,,,,,,,,,,,,
CAGTCTGTGTTGACGCAGCCGCCCTCAGTG,IGLV1-51*02,,,,,,,,,,,,,
CAGGCAGGGCTGACTCAGCCACCCTCGGTG,IGLV10-54*01,,,,,,,,,,,,,
CAGGCAGGGCTGACTCAGCCACCCTCGGTG,IGLV10-54*02,,,,,,,,,,,,,
CAGTCTGCCCTGACTCAGCCTCGCTCAGTG,IGLV2-11*01,,,,,,,,,,,,,
CAGTCTGCCCTGACTCAGCCTCGCTCAGTG,IGLV2-11*02,,,,,,,,,,,,,
CAGTCTGCCCTGACTCAGCCTGCCTCCGTG,IGLV2-14*01,,,,,,,,,,,,,
CAGTCTGCCCTGACTCAGCCTGCCTCCGTG,IGLV2-14*02,,,,,,,,,,,,,
CAGTCTGCCCTGACTCAGCCTCCCTCCGTG,IGLV2-18*01,,,,,,,,,,,,,
CAGTCTGCCCTGACTCAGCCTCCCTCCGTG,IGLV2-18*02,,,,,,,,,,,,,
CAGTCTGCCCTGACTCAGCCTCCCTCCGTG,IGLV2-18*03,,,,,,,,,,,,,
CAGTCTGCCCTGACTCAGCCTCCCTCCGTG,IGLV2-18*04,,,,,,,,,,,,,
CAGTCTGCCCTGACTCAGCCTGCCTCCGTG,IGLV2-23*01,,,,,,,,,,,,,
CAGTCTGCCCTGACTCAGCCTGCCTCCGTG,IGLV2-23*02,,,,,,,,,,,,,
CAGTCTGCCCTGACTCAGCCTGCCTCCGTG,IGLV2-23*03,,,,,,,,,,,,,
CAGTCTGCCCTGACTCAGCCTCCCTCCGCG,IGLV2-8*01,,,,,,,,,,,,,
CAGTCTGCCCTGACTCAGCCTCCCTCCGCG,IGLV2-8*02,,,,,,,,,,,,,
TCCTATGAGCTGACTCAGCCACCCTCAGTG,IGLV3-1*01,,,,,,,,,,,,,
TCCTATGAGCTGACACAGCCACCCTCGGTG,IGLV3-10*01,,,,,,,,,,,,,
TCCTATGAGCTGACTCAGCCACACTCAGTG,IGLV3-12*01,,,,,,,,,,,,,
TCCTATGAGCTGACTCAGCCACACTCAGTG,IGLV3-12*02,,,,,,,,,,,,,
TCCTATGAGCTGACACAGCCACCCTCGGTG,IGLV3-16*01,,,,,,,,,,,,,
TCTTCTGAGCTGACTCAGGACCCTGCTGTG,IGLV3-19*01,,,,,,,,,,,,,
TCCTATGTGCTGACTCAGCCACCCTCAGTG,IGLV3-21*01,,,,,,,,,,,,,
TCCTATGTGCTGACTCAGCCACCCTCGGTG,IGLV3-21*02,,,,,,,,,,,,,
TCCTATGTGCTGACTCAGCCACCCTCGGTG,IGLV3-21*03,,,,,,,,,,,,,
TCCTATGAGCTGACACAGCTACCCTCGGTG,IGLV3-22*01,,,,,,,,,,,,,
TCCTATGAGCTGATGCAGCCACCCTCGGTG,IGLV3-25*01,,,,,,,,,,,,,
TCCTATGAGCTGACACAGCCACCCTCGGTG,IGLV3-25*02,,,,,,,,,,,,,
TCCTATGAGCTGACACAGCCATCCTCAGTG,IGLV3-27*01,,,,,,,,,,,,,
TCCTATGAGCTGACTCAGCCACTCTCAGTG,IGLV3-9*01,,,,,,,,,,,,,
TCCTATGAGCTGACTCAGCCACTCTCAGTG,IGLV3-9*02,,,,,,,,,,,,,
CTGCCTGTGCTGACTCAGCCCCCGTCTGCA,IGLV4-3*01,,,,,,,,,,,,,
CAGCCTGTGCTGACTCAATCATCCTCTGCC,IGLV4-60*01,,,,,,,,,,,,,
CAGCCTGTGCTGACTCAATCATCCTCTGCC,IGLV4-60*02,,,,,,,,,,,,,
CAGCCTGTGCTGACTCAATCATCCTCTGCC,IGLV4-60*03,,,,,,,,,,,,,
CAGCTTGTGCTGACTCAATCGCCCTCTGCC,IGLV4-69*01,,,,,,,,,,,,,
CAGCTTGTGCTGACTCAATCGCCCTCTGCC,IGLV4-69*02,,,,,,,,,,,,,
CAGCCTGTGCTGACTCAGCCACCTTCCTCC,IGLV5-37*01,,,,,,,,,,,,,
CAGCCTGTGCTGACTCAGCCAACCTCCCTC,IGLV5-39*01,,,,,,,,,,,,,
CAGCCTGTGCTGACTCAGCCAACCTCCCTC,IGLV5-39*02,,,,,,,,,,,,,
CAGGCTGTGCTGACTCAGCCGGCTTCCCTC,IGLV5-45*01,,,,,,,,,,,,,
CAGGCTGTGCTGACTCAGCCGTCTTCCCTC,IGLV5-45*02,,,,,,,,,,,,,
CAGGCTGTGCTGACTCAGCCGTCTTCCCTC,IGLV5-45*03,,,,,,,,,,,,,
CAGGCTGTGCTGACTCAGCCGTCTTCCCTC,IGLV5-45*04,,,,,,,,,,,,,
CAGCCTGTGCTGACTCAGCCATCTTCCCAT,IGLV5-52*01,,,,,,,,,,,,,
AATTTTATGCTGACTCAGCCCCACTCTGTG,IGLV6-57*01,,,,,,,,,,,,,
AATTTTATGCTGACTCAGCCCCACTCTGTG,IGLV6-57*02,,,,,,,,,,,,,
CAGACTGTGGTGACTCAGGAGCCCTCACTG,IGLV7-43*01,,,,,,,,,,,,,
CAGGCTGTGGTGACTCAGGAGCCCTCACTG,IGLV7-46*01,,,,,,,,,,,,,
CAGGCTGTGGTGACTCAGGAGCCCTCACTG,IGLV7-46*02,,,,,,,,,,,,,
CAGACTGTGGTGACCCAGGAGCCATCGTTC,IGLV8-61*01,,,,,,,,,,,,,
CAGACTGTGGTGACCCAGGAGCCATCGTTC,IGLV8-61*02,,,,,,,,,,,,,
CAGCCTGTGCTGACTCAGCCACCTTCTGCA,IGLV9-49*01,,,,,,,,,,,,,
CAGCCTGTGCTGACTCAGCCACCTTCTGCA,IGLV9-49*02,,,,,,,,,,,,,
CAGCCTGTGCTGACTCAGCCACCTTCTGCA,IGLV9-49*03,,,,,,,,,,,,,
