name,target_gene,sequence,length,Tm,start,end
hnlf1-1,IGLV1,GTGCTGACTCAGCCACCCTC,20,67.8,17,26
hnlf1-2,IGLV1,GTTGACGCAGCCGCCCTC,18,68.9,9,26
hnlf2,IGLV2,CAGTCTGCCCTGACTCAGCC,20,67.5,1,20
hnlf3-1,IGLV3,ACAGCCACCCTCGGTGTC,18,67,15,32
hnlf3-2,IGLV3,TGACTCAGCCACACTCAGTGTC,22,67,11,32
hnlf3-3,IGLV3,ACTCAGGACCCTGCTGTGTC,20,66.7,13,32
hnlf3-4,IGLV3,GACACAGCCATCCTCAGTGTC,21,65.6,12,32
hnlf4,IGLV4,ACTCAATCATCCTCTGCCTCTGC,23,67.2,13,35
hnlf5,IGLV4-3*01|IGLV5,AGCCTGTGCTGACTCAGCC,19,67.5,2,20
hnlf6,IGLV6,GCTGACTCAGCCCCACTCTG,20,67.5,9,28
hnlf7,IGLV7,CTGTGGTGACTCAGGAGCCC,20,67.3,7,26
hnlf8,IGLV8,CAGACTGTGGTGACCCAGGAG,21,67.1,3,23
hnlf9,IGLV9,CAGCCTGTGCTGACTCAGC,19,66,1,19
