seq,gene,primer_0,primer_1,primer_2,primer_3,primer_4,primer_5,primer_6
GACATCCAGATGACCCAGTCTCCATCTTCC,IGKV1-12*01,,,,,,,
GACATCCAGATGACCCAGTCTCCATCTTCC,IGKV1-12*02,,,,,,,
GCCATCCAGTTGACCCAGTCTCCATCCTCC,IGKV1-13*02,,,,,,,
GACATCCAGATGACCCAGTCTCCATCCTCA,IGKV1-16*01,,,,,,,
GACATCCAGATGACCCAGTCTCCATCCTCA,IGKV1-16*02,,,,,,,
GACATCCAGATGACCCAGTCTCCATCCTCC,IGKV1-17*01,,,,,,,
GACATCCAGATGACCCAGTCTCCATCCTCC,IGKV1-17*02,,,,,,,
GACATCCAGATGACCCAGTCTCCATCTGCC,IGKV1-17*03,,,,,,,
GACATCCAGATGACCCAGTCTCCATCCTCC,IGKV1-27*01,,,,,,,
GACATCCAGATGACCCAGTCTCCATCCTCC,IGKV1-33*01,,,,,,,
GACATCCAGATGACCCAGTCTCCATCCTCC,IGKV1-39*01,,,,,,,
GACATCCAGATGACCCAGTCTCCTTCCACC,IGKV1-5*01,,,,,,,
GACATCCAGATGACCCAGTCTCCTTCCACC,IGKV1-5*02,,,,,,,
GACATCCAGATGACCCAGTCTCCTTCCACC,IGKV1-5*03,,,,,,,
GCCATCCAGATGACCCAGTCTCCATCCTCC,IGKV1-6*01,,,,,,,
GCCATCCAGATGACCCAGTCTCCATCCTCC,IGKV1-6*02,,,,,,,
GCCATCCGGATGACCCAGTCTCCATCCTCA,IGKV1-8*01,,,,,,,
GACATCCAGTTGACCCAGTCTCCATCCTTC,IGKV1-9*01,,,,,,,
GACATCCAGATGACCCAGTCTCCATCCTCC,IGKV1-NL1*01,,,,,,,
GACATCCAGATGACCCAGTCTCCATCTTCT,IGKV1D-12*01,,,,,,,
GACATCCAGATGACCCAGTCTCCATCTTCC,IGKV1D-12*02,,,,,,,
GCCATCCAGTTGACCCAGTCTCCATCCTCC,IGKV1D-13*01,,,,,,,
GCCATCCAGTTGACCCAGTCTCCATCCTCC,IGKV1D-13*02,,,,,,,
GACATCCAGATGACCCAGTCTCCATCCTCA,IGKV1D-16*01,,,,,,,
GACATCCAGATGACCCAGTCTCCATCCTCA,IGKV1D-16*02,,,,,,,
AACATCCAGATGACCCAGTCTCCATCTGCC,IGKV1D-17*01,,,,,,,
GACATCCAGATGACCCAGTCTCCATCCTCC,IGKV1D-33*01,,,,,,,
GACATCCAGATGACCCAGTCTCCATCCTCC,IGKV1D-39*01,,,,,,,
GCCATCCGGATGACCCAGTCTCCATTCTCC,IGKV1D-43*01,,,,,,,
GTCATCTGGATGACCCAGTCTCCATCCTTA,IGKV1D-8*01,,,,,,,
GCCATCTGGATGACCCAGTCTCCATCCTTA,IGKV1D-8*02,,,,,,,
GTCATCTGGATGACCCAGTCTCCATCCTTA,IGKV1D-8*03,,,,,,,
GATATTGTGATGACCCAGACTCCACTCTCC,IGKV2-24*01,,,,,,,
GATATTGTGATGACTCAGTCTCCACTCTCC,IGKV2-28*01,,,,,,,
GATATTGTGATGACCCAGACTCCACTCTCT,IGKV2-29*02,,,,,,,
GATATTGTGATGACCCAGACTCCACTCTCT,IGKV2-29*03,,,,,,,
GATGTTGTGATGACTCAGTCTCCACTCTCC,IGKV2-30*01,,,,,,,
GATGTTGTGATGACTCAGTCTCCACTCTCC,IGKV2-30*02,,,,,,,
GATATTGTGATGACCCAGACTCCACTCTCC,IGKV2-40*01,,,,,,,
GAGATTGTGATGACCCAGACTCCACTCTCC,IGKV2D-26*01,,,,,,,
GAGATTGTGATGACCCAGACTCCACTCTCC,IGKV2D-26*02,,,,,,,
GAGATTGTGATGACCCAGACTCCACTCTCC,IGKV2D-26*03,,,,,,,
GATATTGTGATGACTCAGTCTCCACTCTCC,IGKV2D-28*01,,,,,,,
GATATTGTGATGACCCAGACTCCACTCTCT,IGKV2D-29*01,,,,,,,
GATATTGTGATGACCCAGACTCCACTCTCT,IGKV2D-29*02,,,,,,,
GATGTTGTGATGACTCAGTCTCCACTCTCC,IGKV2D-30*01,,,,,,,
GATATTGTGATGACCCAGACTCCACTCTCC,IGKV2D-40*01,,,,,,,
GAAATTGTGTTGACACAGTCTCCAGCCACC,IGKV3-11*01,,,,,,,
GAAATTGTGTTGACACAGTCTCCAGCCACC,IGKV3-11*02,,,,,,,
GAAATAGTGATGACGCAGTCTCCAGCCACC,IGKV3-15*01,,,,,,,
GAAATTGTGTTGACGCAGTCTCCAGGCACC,IGKV3-20*01,,,,,,,
GAAATTGTAATGACACAGTCTCCACCCACC,IGKV3-7*04,,,,,,,
GAAATTGTGTTGACACAGTCTCCAGCCACC,IGKV3D-11*01,,,,,,,
GAAATTGTGTTGACACAGTCTCCAGCCACC,IGKV3D-11*02,,,,,,,
GAAATTGTGTTGACACAGTCTCCAGCCACC,IGKV3D-11*03,,,,,,,
GAAATAGTGATGACGCAGTCTCCAGCCACC,IGKV3D-15*01,,,,,,,
GAAATAGTGATGACGCAGTCTCCAGCCACC,IGKV3D-15*03,,,,,,,
GAAATTGTGTTGACGCAGTCTCCAGCCACC,IGKV3D-20*01,,,,,,,
GAAATTGTAATGACACAGTCTCCAGCCACC,IGKV3D-7*01,,,,,,,
GACATCGTGATGACCCAGTCTCCAGACTCC,IGKV4-1*01,,,,,,,
GAAACGACACTCACGCAGTCTCCAGCATTC,IGKV5-2*01,,,,,,,
GAAATTGTGCTGACTCAGTCTCCAGACTTT,IGKV6-21*01,,,,,,,
GAAATTGTGCTGACTCAGTCTCCAGACTTT,IGKV6-21*02,,,,,,,
GAAATTGTGCTGACTCAGTCTCCAGACTTT,IGKV6D-21*01,,,,,,,
GAAATTGTGCTGACTCAGTCTCCAGACTTT,IGKV6D-21*02,,,,,,,
