id,name,nt,aa,nt_length,Tm
0,mnphf1,CAGGTCCAACTGCAGCAGC,QVQLQQX,19,66.6
1,mnphf2,GAAGTGAAGCTGGTGGAGTCTG,EVKLVESX,22,65.7
2,mnphf3,CAGGTGCAGCTGAAGGAGTC,QVQLKEX,20,65.7
3,mnphf4,CAGATCCAGTTGGTGCAGTCTG,QIQLVQSX,22,66
4,mnphf5,GAGGTCCAGCTGCAACAGTC,EVQLQQX,20,65.9
5,mnphf6,CAGGTTACTCTGAAAGAGTCTGGC,QVTLKESG,24,65.6
6,mnphf7,GAGGTTCAGCTGCAGCAGTC,EVQLQQX,20,66.2
7,mnphf8,GAGGTGCAGCTTGTTGAGTCTG,EVQLVESX,22,66.4
8,mnphf9,GATGTGCAGCTTCAGGAGTCAG,DVQLQESX,22,66
9,mnphf10,GAAGTGCAGCTGTTGGAGACTG,EVQLLETX,22,66.4
10,mnphf11,GAGGTGAAGCTGGTGGAATCTG,EVKLVESX,22,65.8
11,mnphf12,GAGGTCCAGCTGCAACAATCTG,EVQLQQSX,22,66.5
12,mnphf13,CAGGTGCAGCTTGTAGAGACC,QVQLVET,21,65.6
13,mnphf14,CAGATCCAGCTGCAGCAGTC,QIQLQQX,20,66
14,mnphf15,CAGGTTCACCTACAACAGTCTGG,QVHLQQSX,23,65.6
15,mnphf16,GAGGTCCAGCTGCAACAGTTTG,EVQLQQFX,22,66.9
16,mnphf17,GAGGTGAAGCTTCTCGAGTCTG,EVKLLESX,22,65.1
17,mnphf18,GATGTGAACTTGGAAGTGTCTGGAG,DVNLEVSGX,25,66.1
18,mnphf19,CAGGCTTATCTACAGCAGTCTGG,QAYLQQSX,23,65.3
19,mnphf20,CAGCGTGAGCTGCAGCAG,QRELQQ,18,66.6
20,mnphf21,CAGATTCAGCTTAAGGAGTCTGGAC,QIQLKESGX,25,65.6
21,mnphf22,CAGGTGCAGATGAAGCAGTCAG,QVQMKQSX,22,66.2
22,mnphf23,CAGGTGCAGAATAAGTCAGGACC,QVQNKSGX,23,65.7
23,mnphf24,CAAGTGCAGATGAAGGAGTCAGG,QVQMKESX,23,65.9
24,mnphf25,GATGTGCAGCTTCAGGAGTCG,DVQLQES,21,66
25,mnphf26,GATGTGCAGCTGGTGGAGTC,DVQLVEX,20,66
26,mnphf27,GACGTGAAGCTCGTGGAGTC,DVKLVEX,20,65.4
27,mnphf28,GAGGAGAAGCTGGATGAGTCTGG,EEKLDESX,23,66.9
