id,gene_name,sequence,primer_id
0,IGHV1-11*01,CAGATCCAGCTGCAACAGTCAGGAGCTGAGCTGGCGAGTCCTGGGGCATCAGTGACACTGTCCTGCAAGGCTTCTGGCTACACATTTACTGACCATATTATGAATTGGGTAAAAAAGAGGCCTGGACAGGGCCTTGAGTGGATTGGAAGGATTTATCCAGTAAGTGGTGAAACTAACTACAATCAAAAGTTCATGGGCAAGGCCACATTCTCTGTAGACCGGTCCTCCAGCACAGTGTACATGGTGTTGAACAGCCTGACATCTGAGGACCCTGCTGTCTATTACTGTGGAAGG,
1,IGHV1-12*01,CAGGCTTATCTACAGCAGTCTGGGGCTGAGCTGGTGAGGCCTGGGGCCTCAGTGAAGATGTCCTGCAAGGCTTCTGGCTACACATTTACCAGTTACAATATGCACTGGGTAAAGCAGACACCTAGACAGGGCCTGGAATGGATTGGAGCTATTTATCCAGGAAATGGTGATACTTCCTACAATCAGAAGTTCAAGGGCAAGGCCACACTGACTGTAGACAAATCCTCCAGCACAGCCTACATGCAGCTCAGCAGCCTGACATCTGAAGACTCTGCGGTCTATTTCTGTGCAAGA,
2,IGHV1-14*01,GAGTTCCAGCTGCAGCAGTCTGGACCTGAGCTGGTAAAGCCTGGGGCTTCAGTGAAGATGTCCTGCAAGGCTTCTGGATACACATTCACTAGCTATGTTATGCACTGGGTGAAGCAGAAGCCTGGGCAGGGCCTTGAGTGGATTGGATATATTTATCCTTACAATGATGGTACTAAGTACAATGAGAAGTTCAAAGGCAAGGCCACACTGACTTCAGACAAATCCTCCAGCACAGCCTACATGGAGCTCAGCAGCCTGACCTCTGAGGACTCTGCGGTCTATTACTGTGCAAGA,
3,IGHV1-15*01,CAGGTTCAACTGCAGCAGTCTGGGGCTGAGCTGGTGAGGCCTGGGGCTTCAGTGACGCTGTCCTGCAAGGCTTCGGGCTACACATTTACTGACTATGAAATGCACTGGGTGAAGCAGACACCTGTGCATGGCCTGGAATGGATTGGAGCTATTGATCCTGAAACTGGTGGTACTGCCTACAATCAGAAGTTCAAGGGCAAGGCCATACTGACTGCAGACAAATCCTCCAGCACAGCCTACATGGAGCTCCGCAGCCTGACATCTGAGGACTCTGCCGTCTATTACTGTACAAGA,
4,IGHV1-18*01,GAGGTCCAGCTGCAACAGTCTGGACCTGAGCTGGTGAAGCCTGGGGCTTCAGTGAAGATACCCTGCAAGGCTTCTGGATACACATTCACTGACTACAACATGGACTGGGTGAAGCAGAGCCATGGAAAGAGCCTTGAGTGGATTGGAGATATTAATCCTAACAATGGTGGTACTATCTACAACCAGAAGTTCAAGGGCAAGGCCACATTGACTGTAGACAAGTCCTCCAGCACAGCCTACATGGAGCTCCGCAGCCTGACATCTGAGGACACTGCAGTCTATTACTGTGCAAGA,
5,IGHV1-18*02,GAGGTCCAGCTGCAACAGTTTGGACCTGAGCTGGTGAAGCCTGGGGCTTCAGTGAAGATATCCTGCAAGGCTTCTGGCTACACATTCACTGACTACAACATGGACTGGGTGAAGCAGAGCCATGGAAAGAGCCTTGAGTGGATTGGAGATATTAATCCTAACAATGGTGGTACTATCTACAACCAGAAGTTCAAGGGCAAGGCCACATTGACTGTAGACAAGTCCTCCAGCACAGCCTACATGGAGCTCCGCA,
6,IGHV1-18*03,GAGGTCCTGCTGCAACAGTCTGGACCTGAGCTGGTGAAGCCTGGGGCTTCAGTGAAGATACCCTGCAAGGCTTCTGGATACACATTCACTGACTACAACATGGACTGGGTGAAGCAGAGCCATGGAAAGAGCCTTGAGTGGATTGGAGATATTAATCCTAACAATGGTGGTACTATCTACAACCAGAAGTTCAAGGGCAAGGCCACATTGACTGTAGACAAGTCCTCCAGCACAGCCTACATGGAGCTCCGC,
7,IGHV1-19*01,GAGGTCCAGCTGCAACAGTCTGGACCTGTGCTGGTGAAGCCTGGGGCTTCAGTGAAGATGTCCTGTAAGGCTTCTGGATACACATTCACTGACTACTATATGAACTGGGTGAAGCAGAGCCATGGAAAGAGCCTTGAGTGGATTGGAGTTATTAATCCTTACAACGGTGGTACTAGCTACAACCAGAAGTTCAAGGGCAAGGCCACATTGACTGTTGACAAGTCCTCCAGCACAGCCTACATGGAGCTCAACAGCCTGACATCTGAGGACTCTGCAGTCTATTACTGTGCAAGA,
8,IGHV1-20*01,GAGGTTCAGCTGCAGCAGTCTGGACCTGAGCTGGTGAAGCCTGGGGATTCAGTGAAGATATCCTGCAAGGCTTCTGGTTACTCATTTACTGGCTACTTTATGAACTGGGTGATGCAGAGCCATGGAAAGAGCCTTGAGTGGATTGGACGTATTAATCCTTACAATGGTGATACTTTCTACAACCAGAAGTTCAAGGGCAAGGCCACATTGACTGTAGACAAATCCTCTAGCACAGCCCACATGGAGCTCCGGAGCCTGACATCTGAGGACTCTGCAGTCTATTATTGTGCAAGA,
9,IGHV1-20*02,GAGGTTCAGCTGCAGCAGTCTGGACCTGAGCTGGTGAAGCCTGGGGCTTCAGTGAAGATATCCTGCAAGGCTTCTGGTTACTCATTTACTGGCTACTTTATGAACTGGGTGATGCAGAGCCATGGAAAGAGCCTTGAGTGGATTGGACGTATTAATCCTTACAATGGTGATACTTTCTACAACCAGAAGTTCAAGGGCAAGGCCACATTGACTGTAGACAAATCCTCTAGCACAGCCCACATGGAGCTCCGGAGCCTGGCATCTGAGGACTCTGCAGTCTATTATTGTGCAAGA,
10,IGHV1-22*01,GAGGTCCAGCTGCAACAGTCTGGACCTGAGCTGGTGAAGCCTGGGGCTTCAGTGAAGATGTCCTGCAAGGCTTCTGGATACACATTCACTGACTACAACATGCACTGGGTGAAGCAGAGCCATGGAAAGAGCCTTGAGTGGATTGGATATATTAACCCTAACAATGGTGGTACTAGCTACAACCAGAAGTTCAAGGGCAAGGCCACATTGACTGTAAACAAGTCCTCCAGCACAGCCTACATGGAGCTCCGCAGCCTGACATCGGAGGATTCTGCAGTCTATTACTGTGCAAGA,
11,IGHV1-26*01,GAGGTCCAGCTGCAACAATCTGGACCTGAGCTGGTGAAGCCTGGGGCTTCAGTGAAGATATCCTGTAAGGCTTCTGGATACACGTTCACTGACTACTACATGAACTGGGTGAAGCAGAGCCATGGAAAGAGCCTTGAGTGGATTGGAGATATTAATCCTAACAATGGTGGTACTAGCTACAACCAGAAGTTCAAGGGCAAGGCCACATTGACTGTAGACAAGTCCTCCAGCACAGCCTACATGGAGCTCCGCAGCCTGACATCTGAGGACTCTGCAGTCTATTACTGTGCAAGA,
12,IGHV1-31*01,GAGGTTCAGCTGCAGCAGTCTGGACCTGAGCTGGTGAAGCCTGGGGCTTCAGTGAAGATATCCTGCAAGGCTTCTGGTTACTCATTCACTGGCTACTACATGCACTGGGTGAAGCAGAGCCATGGAAATATCCTCGATTGGATTGGATATATTTATCCTTACAATGGTGTTTCTAGCTACAACCAGAAATTCAAGGGCAAGGCCACATTGACTGTAGACAAGTCCTCTAGCACAGCCTACATGGAGCTCCGCAGCCTGACATCTGAGGACTCTGCAGTCTATTACTGTGCAAGA,
13,IGHV1-34*01,GAGGTCCAGCTGCAACAGTCTGGACCTGAGTTGGTGAAGCCTGGGGCTTCAGTGAAGATGTCCTGCAAGGCTTCTGGCTACACATTCACTGACTACTACATGCACTGGGTGAAGCAGAGCCATGGAAAGAGCCTTGAGTGGATTGGATATATTTATCCTAACAATGGTGGTAATGGCTACAACCAGAAGTTCAAGGGCAAGGCCACATTGACTGTAGACAAGTCCTCCAGCACAGCCTACATGGAGCTCCGCAGCCTGACATCTGAGGACTCTGCAGTCTATTACTGTGCAAGA,
14,IGHV1-34*02,GAGGTCCAGCTGCAACAGTCTGGACCTGAGCTGGTGAAGCCTGGGGATTCAGTGAAGATGTCCTGCAAGGCTTCTGGCTACACATTCACTGACTACTACATGGACTGGGTGAAGCAGAGCCATGGAAAGAGCCTTGAGTGGATTGGATATATTTATCCTAACAATGGTGGTACTAGCTACAATCAGAAGTTCAAGGGCAAGGCCACATTGACTGTAGACAAGTCCTCCAGCACAGCCTACATGGAGCTCCACAGCCTGACATCTGAGGACTCTGCAGTCTATTACTGTGCAAGA,
15,IGHV1-36*01,GAGGTCCAGCTGCAACAGTCTGGACCTGTGCTGGTGAAGCCTGGGCCTTCAGTGAAGATATCCTGTAAGGCTTCTGGATTCACATTCACTGACTACTACATGCACTGGGTGAAGCAGAGCCATGGAAAGAGCCTTGAGTGGATTGGACTTGTTTATCCTTACAATGGTGGTACTAGCTACAACCAGAAGTTCAAGGGCAAGGCCACATTGACTGTAGACACATCCTCCAGCACAGCCTACATGGAGCTAAACAGCCTGACTTCTGAGGACTCTGCGGTCTATTACTGTGCAAGA,
16,IGHV1-37*01,GAGGTTCAGCTGCAGCAGTCTGGACCTGAGCTGGTGAAGCCTGGGGCTTCAGTGAAGATATCCTGCAAGGCTTCTGGTTACTCATTTACTGGCTACTTTATGAACTGGGTGAAGCAGAGCCATGGAAAGAGCCTTGAGTGGATTGGACGTATTAATCCTTACAATGGTGATACTTTCTACAACCAGAAGTTCAAGGGCAAGGCCACATTGACTGTAGACAAATCCTCTAGCACAGCCCACATGGAGCTCCTGAGCCTGACATCTGAGGACTTTGCAGTCTATTATTGTGCAAGA,
17,IGHV1-39*01,GAGTTCCAGCTGCAGCAGTCTGGACCTGAGCTGGTGAAGCCTGGCGCTTCAGTGAAGATATCCTGCAAGGCTTCTGGTTACTCATTCACTGACTACAACATGAACTGGGTGAAGCAGAGCAATGGAAAGAGCCTTGAGTGGATTGGAGTAATTAATCCTAACTATGGTACTACTAGCTACAATCAGAAGTTCAAGGGCAAGGCCACATTGACTGTAGACCAATCTTCCAGCACAGCCTACATGCAGCTCAACAGCCTGACATCTGAGGACTCTGCAGTCTATTACTGTGCAAGA,
18,IGHV1-4*01,CAGGTCCAGCTGCAGCAGTCTGGGGCTGAACTGGCAAGACCTGGTGCCTCAGTGAAGATGTCCTGCAAGGCTTCTGGCTACACCTTTACTAGCTACACGATGCACTGGGTAAAACAGAGGCCTGGACAGGGTCTGGAATGGATTGGATACATTAATCCTAGCAGTGGTTATACTAAGTACAATCAGAAGTTCAAGGACAAGGCCACATTGACTGCAGACAAATCCTCCAGCACAGCCTACATGCAACTGAGCAGCCTGACATCTGAGGACTCTGCAGTCTATTACTGTGCAAGA,
19,IGHV1-4*02,CAGGTCCAGCTGCAGCAGTCTGCAGCTGAACTGGCAAGACCTGGGGCCTCAGTGAAGATGTCCTGCAAGGCTTCTGGCTACACCTTTACTAGCTACACGATGCACTGGGTAAAACAGAGGCCTGGACAGGGTCTGGAATGGATTGGATACATTAATCCTAGCAGTGGATATACTGAGTACAATCAGAAGTTCAAGGACAAGACCACATTGACTGCAGACAAATCCTCCAGCACAGCCTACATGCAACTGAGCAGCCTGACATCTGAGGACTCTGCGGTCTATTACTGTGCAAGA,
20,IGHV1-42*01,GAGGTCCAGCTGCAGCAGTCTGGACCTGAGCTGGTGAAGCCTGGGGCTTCAGTGAAGATATCCTGCAAGGCTTCTGGTTACTCATTCACTGGCTACTACATGAACTGGGTGAAGCAAAGTCCTGAAAAGAGCCTTGAGTGGATTGGAGAGATTAATCCTAGCACTGGTGGTACTACCTACAACCAGAAGTTCAAGGCCAAGGCCACATTGACTGTAGACAAATCCTCCAGCACAGCCTACATGCAGCTCAAGAGCCTGACATCTGAGGACTCTGCAGTCTATTACTGTGCAAGA,
21,IGHV1-42*02,GAGGTCCAGCTGCAGCAGTCTGGACCTGAGCTGGTGAACCCTGGGGCTTCAGTGAAGATATCCTGCAAGGCTTCTGGTTACTCATTCACTGGCTACTACATGAACTGGGTGAAGCAAAGTCCTGGAAAGAGCCTTGAGTGGATTGGAGAGATTAATCCTAGCACTGGTGGTACTACCTACAACCAGAAGTTCAAGGCCAAGGCCACATTGACTGTAGACAAATCCTCCAGCACAGCCTACATGCAGCTCAAGA,
22,IGHV1-43*01,GAGGTCAAGCTGCAGCAGTCTGGACCTGAGCTGGTGAAGCCTGGGGCTTCAGTGAAGATATCCTGCAAGGCTTCTGGTTACTCATTCACTGGCTACTACATGCACTGGGTGAAGCAAAGTTCTGAAAAGAGCCTTGAGTGGATTGGAGAGATTAATCCTAGCACTGGTGGTACTAGCTACAACCAGAAGTTCAAGGGCAAGGCCACATTAACTGTAGACAAGTCATCCAGCACAGCCTACATGCAGCTCAAGAGCCTGACATCTGAGGACTCTGCTGTCTATTACTGTGCAAGA,
23,IGHV1-47*01,CAGGTTCAGCTGCAGCAGTCTGGGGCTGAGCTAGTGAAGCCTGGAGCCTCAGTGAAGATGTCCTGCAAGGCTTCTGGCTACACCTTCACTACCTATCCTATAGAGTGGATGAAGCAGAATCATGGAAAGAGCCTAGAGTGGATTGGAAATTTTCATCCTTACAATGATGATACTAAGTACAATGAAAAGTTCAAGGGCAAGGCCACATTGACTGTAGAAAAATCCTCTAGCACAGTCTACTTGGAGCTCAGCCGATTAACATCTGATGACTCTGCTGTTTATTACTGTGCAAGG,
24,IGHV1-49*01,CAGCGTGAGCTGCAGCAGTCTGGAGCTGAGTTGGTGAGACCTGGGTCCTCAGTGAAGTTGTCCTGCAAGGATTCTTACTTTGCCTTCATGGCCAGTGCTATGCACTGGGTGAAGCAAAGACCTGGACATGGCCTGGAATGGATAGGATCTTTTACTATGTACAGTGATGCTACTGAGTACAGTGAAAACTTCAAGGGCAAGGCCACATTGACTGCAAACACATCCTCGAGCACAGCCTACATGGAACTCAGCAGCCTCACATCTGAGGACTCTGCGGTCTATTACTGTGCAAGA,
25,IGHV1-5*01,GAGGTTCAGCTCCAGCAGTCTGGGACTGTGCTGGCAAGGCCTGGGGCTTCAGTGAAGATGTCCTGCAAGACTTCTGGCTACACATTTACCAGCTACTGGATGCACTGGGTAAAACAGAGGCCTGGACAGGGTCTGGAATGGATAGGGGCTATTTATCCTGGAAATAGTGATACTAGCTACAACCAGAAGTTCAAGGGCAAGGCCAAACTGACTGCAGTCACATCCGCCAGCACTGCCTACATGGAGCTCAGCAGCCTGACAAATGAGGACTCTGCGGTCTATTACTGTACAAGA,
26,IGHV1-50*01,CAGGTCCAACTGCAGCAGCCTGGGGCTGAGCTTGTGAAGCCTGGGGCTTCAGTGAAGCTGTCCTGCAAGGCTTCTGGCTACACCTTCACCAGCTACTGGATGCAGTGGGTAAAACAGAGGCCTGGACAGGGCCTTGAGTGGATCGGAGAGATTGATCCTTCTGATAGCTATACTAACTACAATCAAAAGTTCAAGGGCAAGGCCACATTGACTGTAGACACATCCTCCAGCACAGCCTACATGCAGCTCAGCAGCCTGACATCTGAGGACTCTGCGGTCTATTACTGTGCAAGA,
27,IGHV1-52*01,CAGGTCCAACTGCAGCAGCCTGGGGCTGAGCTGGTGAGGCCTGGGTCTTCAGTGAAGCTGTCCTGCAAGGCTTCTGGCTACACCTTCACCAGCTACTGGATGCATTGGGTGAAGCAGAGGCCTATACAAGGCCTTGAATGGATTGGTAACATTGACCCTTCTGATAGTGAAACTCACTACAATCAAAAGTTCAAGGACAAGGCCACATTGACTGTAGACAAATCCTCCAGCACAGCCTACATGCAGCTCAGCAGCCTGACATCTGAGGACTCTGCGGTCTATTACTGTGCAAGA,
28,IGHV1-53*01,CAGGTCCAACTGCAGCAGCCTGGGACTGAACTGGTGAAGCCTGGGGCTTCAGTGAAGCTGTCCTGCAAGGCTTCTGGCTACACCTTCACCAGCTACTGGATGCACTGGGTGAAGCAGAGGCCTGGACAAGGCCTTGAGTGGATTGGAAATATTAATCCTAGCAATGGTGGTACTAACTACAATGAGAAGTTCAAGAGCAAGGCCACACTGACTGTAGACAAATCCTCCAGCACAGCCTACATGCAGCTCAGCAGCCTGACATCTGAGGACTCTGCGGTCTATTATTGTGCAAGA,
29,IGHV1-53*02,CAGGTCCAACTGCAGCAGCCTGGGACTGAACTGGTGAAGCCTGGGGCTTCAGTGAAGCTGTCCTGCAAGGCTTCTGGCTACACCTTCACCAGCTACTGGATGCACTGGGTGAAGCAGAGGCCTGCACAAGGCCTTGAGTGGATTGGAAATATTAATCCTAGCAATGGTGGTACTAACTACAATGAGAAGTTCAAGAGCAAGGCCACACTGACTGTAGACAAATCCTCCAGCACAGCCTACATGCAGCTCAGC,
30,IGHV1-53*03,CAGGTCCAACTGCAGCAGCCTGGGACTGAACTGGTGAAGCCTGGGGCTTCAGTGAAGCTGTCCTGCAAGGCTTCTGGCTACACCTTCACCAGCTACTGGATGCACTGGGTGAAGCAGAGGCCTGGACAAGGCCTTGAGTGGATTGGAAATATTAACCCTAGCAATGGTGGTACTAACTACAATGAGAAGTTCAAGAGCAAGGCCACACTGACTGTAGACAAATCCTCCAGCTCAGCCTACATGCAGCTCATC,
31,IGHV1-53*04,CAGGTCCAACTGCAGCAGCCTGGGGCTGAGCTTGTGAAGCCTGGGGCTTCAGTGAAGCTGTCCAGCAAGGCTTCTGGCTACACCTTCACCAGCTACTGGATGCACTGGGTGAAGCAGAGGCCTGGACAAGGCCTTGAGTGGATTGGAAATATTAATCCTAGCAATGGTGGTACTAACTACAATGAGAAGTTCAAGAGCAAGGCCACACTGACTGTAGACAAATCCTCCAGCACAGCCTACATGCAGCTCAGC,
32,IGHV1-54*01,CAGGTCCAGCTGCAGCAGTCTGGAGCTGAGCTGGTAAGGCCTGGGACTTCAGTGAAGGTGTCCTGCAAGGCTTCTGGATACGCCTTCACTAATTACTTGATAGAGTGGGTAAAGCAGAGGCCTGGACAGGGCCTTGAGTGGATTGGAGTGATTAATCCTGGAAGTGGTGGTACTAACTACAATGAGAAGTTCAAGGGCAAGGCAACACTGACTGCAGACAAATCCTCCAGCACTGCCTACATGCAGCTCAGCAGCCTGACATCTGAGGACTCTGCGGTCTATTTCTGTGCAAGA,
33,IGHV1-54*02,CAGGTCCAGCTGCAGCAGTCTGGAGCTGAGCTGGTAAGGCCTGGGACTTCAGTGAAGGTGTCCTGCAAGGCTTCTGGATACGCCTTCACTAATTACTTGATAGAGTGGGTAAAGCAGAGGCCTGGACAGGGCCTTGAGTGGATTGGAGTGATTAATCCTGGAAGTGGTGGTACTAACTACAATGAGAAGTTCAAGGGCAAGGCAACACTGACTGCAGACAAATCCTCCAACACAGCCTACATGCAGCTCAGCAGCCTGACATCTGAGGACTCTGCGGTCTATTTCTGTGCAAGA,
34,IGHV1-54*03,CAGGTCCAGTTGCAGCAGTCTGGAGCTGAGCTGGTAAGGCCTGGGACTTCAGTGAAGGTGTCCTGCAAGGCTTCTGGATACGCCTTCACTAATTACTTGATAGAGTGGGTAAAGCAGAGGCCTGGACAGGGCCTTGAGTGGATTGGGGTGATTAATCCTGGAAGTGGTGGTACTAACTACAATGAGAAGTTCAAGGGCAAGGCAACACTGACTGCAGACAAATCCTCCAGCACTGCCTACATGCAGCTCAGCAGCCTGACATCTGATGACTCTGCGGTCTATTTCTGTGCAAGA,
35,IGHV1-55*01,CAGGTCCAACTGCAGCAGCCTGGGGCTGAGCTTGTGAAGCCTGGGGCTTCAGTGAAGATGTCCTGCAAGGCTTCTGGCTACACCTTCACCAGCTACTGGATAACCTGGGTGAAGCAGAGGCCTGGACAAGGCCTTGAGTGGATTGGAGATATTTATCCTGGTAGTGGTAGTACTAACTACAATGAGAAGTTCAAGAGCAAGGCCACACTGACTGTAGACACATCCTCCAGCACAGCCTACATGCAGCTCAGCAGCCTGACATCTGAGGACTCTGCGGTCTATTACTGTGCAAGA,
36,IGHV1-55*02,CAGGTCCAACTGCAGCAGCCTGGGGCTGAGCTTGTGAAGCCTGGGGCTTCAGTGAAGATGTCCTGCAAGGCTTCTGGCTACACCTTCACCAGCTACTGGATGACCTGGGTGAAGCAGAGGCCTGGACAAGGTCTTGAGTGGATTGGAGATATTTATCCTGGTAGTGGTAGTACTAACTACAATGAGAAATTCAAGAGCAAGGCCACACTGACTGTAGACACATCCTCCAGCACAGCCTACATGCAGCTCAGC,
37,IGHV1-55*03,CAGGTCCAACTGCAGCAGCCTGGGGCTGAGCTTGTGAAGCCTGGGGCTTCAGTGAAGATGTCCTGCAAGGCTTCTGGCTACACCTTCACCAGCTACTGGATAACTTGGGTGAAGCAGAGGCCTGGACAAGGCCTTGAGTGGATTGGAGATATTTATCCTGGTAGTGGTAGTACTAACTACAATGAGAAGTTCAAGAGCAAGGCCACACTGACTGTAGACACATCCTCCAGCACAGCCTACATGCAGCTCATC,
38,IGHV1-55*04,CAGGTCCAACTGCAGCAGCCTGGGGCTGAGCTTGTGAAGCCTGGGGCTTCAGTGAAGATGTCCTGCAAGGCTTCTGGCTACACCTTCACCAGCTACTGGATAACCTGGGTGAAGCAGAGGCCTGGACAAGGCCTTGAGTGGATTGGAGATACTCATCCTGGTAGTGGTAGTACTAACTACAATGAGAAGTTCAAGAGCAAGGCCACACTGACTGTAGACACATCCTCCAGCACAGCCTACATGCAGCTCAGC,
39,IGHV1-56*01,CAGGTTCAGCTGCAGCAGTCTGGACCTGAGCTGGTGAGGCCTGGGGCTTCAGTGAAGATATCCTGCAAGGCTCCTGGCTATACCTTCACCAGCCACTGGATGCAGTGGGTAAGACAGAGGCCTGGACAGGGCCTTGAGTGGATTGGAGAGATTTTTCCTGGAAGTGGTAGTACTTATTATAATGAGAAGTTCAAGGGCAAGGCCACACTGACTGTAGACACATCCTCCAGCACAGCCTACATGCAGCTCAGCAGCCTGACATCTGAGGACTCTGCGGTCTATTTCTGTGCAAGA,
40,IGHV1-56*02,CAGGTCCAGCTGCAGCAGTCTGGACCTGAGCTGGTGAGGCCTGGGGCTTCAGTGAAGATATCCTGCAAGGCTCCTGGCTACACCTTCACCAGCCACTGGATGCAGTGGGTAAGACAGAGGCCTGGACAGGGCCTTGAGTGGATTGGAGAGATTTTTCCTGGAAGTGGTAGTACTTATTATAATGAGAAATTCAAGGGCAAGGCCACACTGACTTTAGACACATCCTCCAGCACAGCCTACATGCAGCTCAGCAGCCTGACATCTGAAGACTCTGCGGTCTATTTCTGTGCAAGA,
41,IGHV1-58*01,GAGGTCCAGCTTCAGCAGTCTGGAGCTGAGCTGGTGAGGCCTGGGTCCTCAGTGAAGATGTCCTGCAAGACTTCTGGATATACATTCACAAGCTACGGTATAAACTGGGTGAAGCAGAGGCCTGGACAGGGCCTGGAATGGATTGGATATATTTATATTGGAAATGGTTATACTGAGTACAATGAGAAGTTCAAGGGCAAGGCCACACTGACTTCAGACACATCCTCCAGCACAGCCTACATGCAGCTCAGCAGCCTGACATCTGAGGACTCTGCAATCTATTTCTGTGCAAGA,
42,IGHV1-59*01,CAGGTCCAACTGCAGCAGCCTGGGGCTGAGCTGGTGAGGCCTGGGACTTCAGTGAAGTTGTCCTGCAAGGCTTCTGGCTACACCTTCACCAGCTACTGGATGCACTGGGTAAAGCAGAGGCCTGGACAAGGCCTTGAGTGGATCGGAGTGATTGATCCTTCTGATAGTTATACTAACTACAATCAAAAGTTCAAGGGCAAGGCCACATTGACTGTAGACACATCCTCCAGCACAGCCTACATGCAGCTCAGCAGCCTGACATCTGAGGACTCTGCGGTCTATTACTGTGCAAGA,
43,IGHV1-61*01,CAGGTCCAACTGCAGCAGCCTGGGGCTGAGCTGGTGAGGCCTGGGTCTTCAGTGAAGCTGTCCTGCAAGGCTTCTGGCTACACCTTCACCAGCTACTGGATGGATTGGGTGAAGCAGAGGCCTGGACAAGGCCTTGAATGGATTGGTAACATTTACCCTTCTGATAGTGAAACTCACTACAATCAAAAGTTCAAGGACAAGGCCACATTGACTGTAGACAAATCCTCCAGCACAGCCTACATGCAGCTCAGCAGCCTGACATCTGAGGACTCTGCGGTCTATTACTGTGCAAGA,
44,IGHV1-62-1*01,CAGGTCCAGCTGCAGCAGTCTGGAGCTGAGCTGGTGAGGCCTGGGGCTTCAGTGAAGCTGTCCTGCAAGGCTTCTGGCTACACCTTCACCAGCTACTGGATGCAGTGGGTAAAACAGAGGCCTGGACAGGGCCTTGAGTGGATTGGAGAGATTTTTCCTGGAAGTGGTAGTACTTATTATAATGAGAAGTTCAAGGGCAAGGCCACATTGACTGTAGACACATCCTCCAGCACAGCCTACATGCAGCTCAGCAGCCTGACAGCAGAGAACTCTGCAATCTATCTGTGCAAGGAA,
45,IGHV1-62-2*01,CAGGTCCAGCTGCAGCAGTCTGGAGCTGAGCTGGTGAAACCCGGGGCATCAGTGAAGCTGTCCTGCAAGGCTTCTGGCTACACCTTCACTGAGTATACTATACACTGGGTAAAGCAGAGGTCTGGACAGGGTCTTGAGTGGATTGGGTGGTTTTACCCTGGAAGTGGTAGTATAAAGTACAATGAGAAATTCAAGGACAAGGCCACATTGACTGCGGACAAATCCTCCAGCACAGTCTATATGGAGCTTAGTAGATTGACATCTGAAGACTCTGCGGTCTATTTCTGTGCAAGACACGAAGA,
46,IGHV1-62-3*02,CAGGTCCAACTGCAGCAGCCTGGGGCTGAGCTTGTGAAGCCTGGGGCTTCAGTGAAGCTGTCCAGCAAGGCTTCTGGCTACACCTTCACCAGCTACTGGATGCACTGGGTGAAGCAGAGGCCTGGACAAGGCCTTGAGTGGATTGGAAGGATTGATCCTAATAGTGGTGGTACTAAGTACAATGAGAAGTTCAAGAGCAAGGCCACACTGACTGTAGACAAACCCTCCAGCACAGCCTACATGCAGCTCATC,
47,IGHV1-63*01,CAGGTCCAGCTGCAGCAGTCTGGAGCTGAGCTGGTAAGGCCTGGGACTTCAGTGAAGATGTCCTGCAAGGCTTCTGGATACACCTTCACTAACTACTGGATAGGTTGGGCAAAGCAGAGGCCTGGACATGGCCTTGAGTGGATTGGAGATATTTACCCTGGAGGTGGTTATACTAACTACAATGAGAAGTTCAAGGGCAAGGCCACACTGACTGCAGACAAATCCTCCAGCACAGCCTACATGCAGTTCAGCAGCCTGACATCTGAGGACTCTGCCATCTATTACTGTGCAAGA,
48,IGHV1-63*02,CAGGTCCAGCTGCAGCAGTCTGGAGCTGAGCTGGTAAGGCCTGGGACTTCAGTGAAGATGTCCTGCAAGGCTGCTGGATACACCTTCACTAACTACTGGATAGGTTGGGTAAAGCAGAGGCCTGGACATGGCCTTGAGTGGATTGGAGATATTTACCCTGGAGGTGGTTATACTAACTACAATGAGAAGTTCAAGGGCAAGGCCACACTGACTGCAGACACATCCTCCAGCACAGCCTACATGCAGCTCAGCAGCCTGACATCTGAGGACTCTGCCATCTATTACTGTGCAAGA,
49,IGHV1-64*01,CAGGTCCAACTGCAGCAGCCTGGGGCTGAGCTGGTAAAGCCTGGGGCTTCAGTGAAGTTGTCCTGCAAGGCTTCTGGCTACACTTTCACCAGCTACTGGATGCACTGGGTGAAGCAGAGGCCTGGACAAGGCCTTGAGTGGATTGGAATGATTCATCCTAATAGTGGTAGTACTAACTACAATGAGAAGTTCAAGAGCAAGGCCACACTGACTGTAGACAAATCCTCCAGCACAGCCTACATGCAACTCAGCAGCCTGACATCTGAGGACTCTGCGGTCTATTACTGTGCAAGA,
50,IGHV1-64*02,CAGGTCCAACTGCAGCAGCCTGGGGCTGAGCTGGTAAAGCCTGGGGCTTCAGTGAAGTTGTCCTGCAAGGCTTCTGGCTACACTTTCACCAGCTACTGGATGCACTGGGTGAAGCAGAGGCCTGGACAAGGCCTTGAGTGGATTGGAATGATTCATCCTAATAGTGGTAGTACTAACTACAATGAGAAGTTCAAGAGCAAGGCCACACTGACTGTAGACAAATCCTCCAGCACAGCCTACATGCAACTCAGC,
51,IGHV1-66*01,CAGGTCCAGCTGCAGCAGTCTGGACCTGAGCTGGTGAAGCCTGGGGCTTCAGTGAAGATATCCTGCAAGGCTTCTGGCTACAGCTTCACAAGCTACTATATACACTGGGTGAAGCAGAGGCCTGGACAGGGACTTGAGTGGATTGGATGGATTTATCCTGGAAGTGGTAATACTAAGTACAATGAGAAGTTCAAGGGCAAGGCCACACTGACGGCAGACACATCCTCCAGCACTGCCTACATGCAGCTCAGCAGCCTAACATCTGAGGACTCTGCGGTCTATTACTGTGCAAGA,
52,IGHV1-69*01,CAGGTCCAACTGCAGCAGCCTGGGGCTGAGCTTGTGATGCCTGGGGCTTCAGTGAAGCTGTCCTGCAAGGCTTCTGGCTACACCTTCACCAGCTACTGGATGCACTGGGTGAAGCAGAGGCCTGGACAAGGCCTTGAGTGGATCGGAGAGATTGATCCTTCTGATAGTTATACTAACTACAATCAAAAGTTCAAGGGCAAGTCCACATTGACTGTAGACAAATCCTCCAGCACAGCCTACATGCAGCTCAGCAGCCTGACATCTGAGGACTCTGCGGTCTATTACTGTGCAAGA,
53,IGHV1-69*02,CAGGTCCAACTGCAGCAGCCTGGGGCTGAGCTTGTGAAGCCTGGGGCTTCAGTGAAGCTGTCCTGCAAGGCTTCTGGCTACACCTTCACCAGCTACTGGATGCACTGGGTGAAGCAGAGGCCTGGACAAGGCCTTGAGTGGATCGGAGAGATTGATCCTTCTGATAGTTATACTAACTACAATCAAAAGTTCAAGGGCAAGGCCACATTGACTGTAGACAAATCCTCCAGCACAGCCTACATGCAGCTCAGCAGCCTGACATCTGAGGACTCTGCGGTCTATTACTGTGCAAGA,
54,IGHV1-69*03,CAGGTCCAACTGCAGCAGCCTGGGGCTGAGCTTGTGATGCCTGGGGCTTCAGTGAAGCTGTCCTGCAAGGCTTCTGGCTACACCTTCACCAGCTACTGGATGCACTGGGTGAAGCAGAGGCCTGGACAAGGCCTTGAGTGGATCGGAGAGATTGATCCTTCTGATAGTTATACTAACTACAATCAAAAGTTCAAGGGCAAGGCCACATTGACTGTAGACAAATCCTCCAGCACAGCCTACATGCAGCTCAGC,
55,IGHV1-7*01,CAGGTCCAGCTGCAGCAGTCTGGGGCTGAACTGGCAAAACCTGGGGCCTCAGTGAAGCTGTCCTGCAAGGCTTCTGGCTACACCTTTACTAGCTACTGGATGCACTGGGTAAAACAGAGGCCTGGACAGGGTCTGGAATGGATTGGATACATTAATCCTAGCAGTGGTTATACTAAGTACAATCAGAAGTTCAAGGACAAGGCCACATTGACTGCAGACAAATCCTCCAGCACAGCCTACATGCAGCTGAGCAGCCTGACATATGAGGACTCTGCAGTCTATTACTGTGCAAGA,
56,IGHV1-71*01,CAGGTCCAGCTGCAGCAGTCTGGAGCTGAGCTGGTGAAACCCGGGGCATCAGTGAAGCTGTCCTGCAAGGCTTCTGGCTACACCTTCACTGAGTATACTATACACTGGGTAAAGCAGAGGTCTGGACAGGGTCTTGAGTGGATTGGGTGGTTTTACCCTGGAAGTGGTAGTATAAAGTACAATGAGAAATTCAAGGACAAGGCCACATTGACTGCGGACAAATCCTCCAGCACAGTCTATATGGAGCTTAGTAGATTGACATCTGAAGACTCTGCGGTCTATTTCTGTGCAAGACACGAAGA,
57,IGHV1-72*01,CAGGTCCAACTGCAGCAGCCTGGGGCTGAGCTTGTGAAGCCTGGGGCTTCAGTGAAGCTGTCCTGCAAGGCTTCTGGCTACACCTTCACCAGCTACTGGATGCACTGGGTGAAGCAGAGGCCTGGACGAGGCCTTGAGTGGATTGGAAGGATTGATCCTAATAGTGGTGGTACTAAGTACAATGAGAAGTTCAAGAGCAAGGCCACACTGACTGTAGACAAACCCTCCAGCACAGCCTACATGCAGCTCAGCAGCCTGACATCTGAGGACTCTGCGGTCTATTATTGTGCAAGA,
58,IGHV1-72*02,GAGGTCCAACTGCAGCAGCCTGGGGCTGAGCTTGTGAAGCCTGGGGCTTCAGTGAAGCTGTCCTGCAAGGCTTCTGGCTACACCTTCACCAGCTACTGGATGCACTGGGTGAAGCAGAGGCCTGGACAAGGCCTTGAGTGGATTGGAAGGATTGATCCTAATAGTGGTGGTACTAAGTCTAATGAGAAGTTCAAGAGCAAGGCCACACTGACTGTAGACAAACCCTCCAGCACAGCCTACATGCAGCTCAGC,
59,IGHV1-72*03,CAGGTCCAACTGCAGCAGCCTGGGGCTGAGCTTGTGAAGCCTGGGGCTTCAGTGAAGCTGTCCTGCAAGGCTTCTGGCTACACCTTCACCAGCTACTGGATGCACTGGGTGAAGCAGAGGCCTGGACGAGGCCTTGAGTGGATTGGAAGGATTGATCCTAATAGTGGTGGTACTAAGTACAATGAGAAGTTCAAGAGCAAGGCCACACTCACTGTAGACAAACCCTCCAGCACAGCCTACATGCAGCTCAGC,
60,IGHV1-72*04,CAGGTCCAACTGCAGCAGCCTGGGGCTGAGCTTGTGAAGCCTGGGGCTTCAGTGAAGCTGTCCTGCAAGGCTTCTGGCTACACCTTCACCAGCTACTGGATGCACTGGGTGAAGCAGAGGCCTGGACGAGGCCTTGAGTGGATTGGAAGGATTGATCCTAATAGTGGTGGTACTAAGTACAATGAGAAGTTCAAGAGCAAGGCCACACTGACTGTAGACACATCCTCCAGCACAGCCTACATGCAGCTCAGCAGCCTGACATCTGAGGACTCCGCGGTCCATTATTGTGCAAGA,
61,IGHV1-72*05,CAGGTCCAACTGCAGCAGCCTGGGGCTGAGCTTGTGAAGCCTGGGGCTTCAGTAAAGCTGTCCTGCAAGGCTTCTGGCTACACCTTCACCAGCTACTGGATGCACTGGGTGAAGCAGAGGCCTGGACGAGGCCTTGAGTGGATTGGAAGGATTGATCCTAATAGTGGTGGTACTAAGTACAATGAGAAGTTCAAGAGCAAGGCCACACTGACTGTAGACAAACCCTCCAGCACAGCCTACATGCAGCTCAGC,
62,IGHV1-74*01,CAGGTCCAACTGCAGCAGCCTGGGGCTGAACTGGTGAAGCCTGGGGCTTCAGTGAAGGTGTCCTGCAAGGCTTCTGGCTACACCTTCACCAGCTACTGGATGCACTGGGTGAAGCAGAGGCCTGGCCAAGGCCTTGAGTGGATTGGAAGGATTCATCCTTCTGATAGTGATACTAACTACAATCAAAAGTTCAAGGGCAAGGCCACATTGACTGTAGACAAATCCTCCAGCACAGCCTACATGCAGCTCAGCAGCCTGACATCTGAGGACTCTGCGGTCTATTACTGTGCAATA,
63,IGHV1-74*02,GAGGTCCAACTGCAGCAGCCTGGGGCTGAACTGGTGAAGCCTGGGGCTTCAGTGAAGGTGTCCTGCAAGGCTTCTGGCTACACCTTCACCAGCTACTGGATGCACTGGGTGAAGCAGAGGCCTGGCCAAGGCCTTGAGTGGATTGGAAGGATTCATCCTTCTGATAGTGATACTAACTACAATCAAAAGTTCAAGGGCAAGGCCACATTGACTGTAGACAAATCCTCCAGCACAGCCTACATGCAGCTCAGC,
64,IGHV1-74*03,CAGGTCCAACTGCAGCAGCCTGGGGCTGAACTGGTGAAGCCTGGGGCTTCAGTGAAGGTGTCCTGCAAGGCTTCTGGCTACACCTTCACCAGCTACTGGATGCACTGGGTGAAGCAGAGGCCTGGCCAAGGCCTTGAGTGGATTGGAAGGATTCATCCTTCTGATAGTGATACTAACTACAATCAAAAGTTCAAGGGCAAGGCCACATTGACTGTAGACAAATCCTCCAGCACAGCCTACATGCAGCTCATC,
65,IGHV1-74*04,CATGTCCAACTGCAGCAGCCTGGGGCTGAGCTGGTGAAGCCTGGGGCTTCAGTGAAGGTGTCCTGCAAGGCTTCTGGCTACACCTTCACCAGCTACTGGATGCACTGGGTGAAGCAGAGGCCTGGCCAAGGCCTTGAGTGGATTGGAAGGATTCATCCTTCTGATAGTGATACTAACTACAATCAAAAGTTCAAGGGCAAGGCCACATTGACTGTAGACAAATCCTCCAGCACAGCCTACATGCAGCTCAGCAGCCTGACATCTGAGGACTCTGCGGTCTATTACTGTGCAATA,
66,IGHV1-75*01,CAGGTCCAGCTACAGCAGTCTGGACCTGAGCTGGTGAAGCCTGGGGCTTCAGTGAAGATATCCTGCAAGGCTTCTGGCTACACCTTCACTGACTACTATATAAACTGGGTGAAGCAGAGGCCTGGACAGGGACTTGAGTGGATTGGATGGATTTTTCCTGGAAGTGGTAGTACTTACTACAATGAGAAGTTCAAGGGCAAGGCCACACTTACTGTAGACAAATCCTCCAGCACAGCCTACATGTTGCTCAGCAGCCTGACCTCTGAGGACTCTGCGGTCTATTTCTGTGCAAGA,
67,IGHV1-76*01,CAGGTCCAGCTGAAGCAGTCTGGGGCTGAGCTGGTGAGGCCTGGGGCTTCAGTGAAGCTGTCCTGCAAGGCTTCTGGCTACACTTTCACTGACTACTATATAAACTGGGTGAAGCAGAGGCCTGGACAGGGACTTGAGTGGATTGCAAGGATTTATCCTGGAAGTGGTAATACTTACTACAATGAGAAGTTCAAGGGCAAGGCCACACTGACTGCAGAAAAATCCTCCAGCACTGCCTACATGCAGCTCAGCAGCCTGACATCTGAGGACTCTGCTGTCTATTTCTGTGCAAGA,
68,IGHV1-77*01,CAGGTCCAGCTGAAGCAGTCTGGAGCTGAGCTGGTGAAGCCTGGGGCTTCAGTGAAGATATCCTGCAAGGCTTCTGGCTACACCTTCACTGACTACTATATAAACTGGGTGAAGCAGAGGCCTGGACAGGGCCTTGAGTGGATTGGAAAGATTGGTCCTGGAAGTGGTAGTACTTACTACAATGAGAAGTTCAAGGGCAAGGCCACACTGACTGCAGACAAATCCTCCAGCACAGCCTACATGCAGCTCAGCAGCCTGACATCTGAGGACTCTGCAGTCTATTTCTGTGCAAGA,
69,IGHV1-78*01,CAGGTTCAGCTGCAACAGTCTGACGCTGAGTTGGTGAAACCTGGAGCTTCAGTGAAGATATCCTGCAAGGTTTCTGGCTACACCTTCACTGACCATACTATTCACTGGATGAAGCAGAGGCCTGAACAGGGCCTGGAATGGATTGGATATATTTATCCTAGAGATGGTAGTACTAAGTACAATGAGAAGTTCAAGGGCAAGGCCACATTGACTGCAGACAAATCCTCCAGCACAGCCTACATGCAGCTCAACAGCCTGACATCTGAGGACTCTGCAGTCTATTTCTGTGCAAGA,
70,IGHV1-80*01,CAGGTTCAGCTGCAGCAGTCTGGGGCTGAGCTGGTGAAGCCTGGGGCCTCAGTGAAGATTTCCTGCAAAGCTTCTGGCTACGCATTCAGTAGCTACTGGATGAACTGGGTGAAGCAGAGGCCTGGAAAGGGTCTTGAGTGGATTGGACAGATTTATCCTGGAGATGGTGATACTAACTACAACGGAAAGTTCAAGGGCAAGGCCACACTGACTGCAGACAAATCCTCCAGCACAGCCTACATGCAGCTCAGCAGCCTGACCTCTGAGGACTCTGCGGTCTATTTCTGTGCAAGA,
71,IGHV1-81*01,CAGGTTCAGCTGCAGCAGTCTGGAGCTGAGCTGGCGAGGCCTGGGGCTTCAGTGAAGCTGTCCTGCAAGGCTTCTGGCTACACCTTCACAAGCTATGGTATAAGCTGGGTGAAGCAGAGAACTGGACAGGGCCTTGAGTGGATTGGAGAGATTTATCCTAGAAGTGGTAATACTTACTACAATGAGAAGTTCAAGGGCAAGGCCACACTGACTGCAGACAAATCCTCCAGCACAGCGTACATGGAGCTCCGCAGCCTGACATCTGAGGACTCTGCGGTCTATTTCTGTGCAAGA,
72,IGHV1-82*01,CAGGTTCAGCTGCAGCAGTCTGGACCTGAGCTGGTGAAGCCTGGGGCCTCAGTGAAGATTTCCTGCAAGGCTTCTGGCTACGCATTCAGTAGCTCCTGGATGAACTGGGTGAAGCAGAGGCCTGGAAAGGGTCTTGAGTGGATTGGACGGATTTATCCTGGAGATGGAGATACTAACTACAATGGGAAGTTCAAGGGCAAGGCCACACTGACTGCAGACAAATCCTCCAGCACAGCCTACATGCAACTCAGCAGCCTGACATCTGAGGACTCTGCGGTCTACTTCTGTGCAAGA,
73,IGHV1-84*01,CAGATCCAGCTGCAGCAGTCTGGACCTGAGCTGGTGAAGCCTGGGGCTTCAGTGAAGATATCCTGCAAGGCTTCTGGCTACACCTTCACTGACTACTATATAAACTGGGTGAAGCAGAGGCCTGGACAGGGACTTGAGTGGATTGGATGGATTTATCCTGGAAGCGGTAATACTAAGTACAATGAGAAGTTCAAGGGCAAGGCCACATTGACTGTAGACACATCCTCCAGCACAGCCTACATGCAGCTCAGCAGCCTGACCTCTGAGGACTCTGCGGTCTATTTCTGTGCAAGA,
74,IGHV1-84*02,CAGATCCAGCTGCAGCAGTCTGGACCTGAGCTGGTGAAGCCTGGGGCTTCAGTGAAGATATCCTGCAAGGCTTCTGGCTACACCTTCACTGACTACTATATAAACTGGGTGAAGCAGAAGCCTGGACAGGGACTTGAGTGGATTGGATGGATTTATCCTGGAAGCGGTAATACTAAGTACAATGAGAAGTTCAAGGGCAAGGCCACATTGACTGTAGACACATCCTCCAGCACAGCCTACATGCAGCTCAGCAGCCTGACATCTGAGGACACTGCTGTCTATTTCTGTGCAAGA,
75,IGHV1-85*01,CAGGTTCAGCTGCAGCAGTCTGGACCTGAGCTGGTGAAGCCTGGGGCTTCAGTGAAGTTGTCCTGCAAGGCTTCTGGCTACACCTTCACAAGCTACGATATAAACTGGGTGAAGCAGAGGCCTGGACAGGGACTTGAGTGGATTGGATGGATTTATCCTAGAGATGGTAGTACTAAGTACAATGAGAAGTTCAAGGGCAAGGCCACATTGACTGTAGACACATCCTCCAGCACAGCGTACATGGAGCTCCACAGCCTGACATCTGAGGACTCTGCGGTCTATTTCTGTGCAAGA,
76,IGHV1-87*01,CAGGTTCAGCTCCAGCAGTCTGGGGCTGAGCTGGCAAGACCTGGGGCTTCAGTGAAGATGTCCTGCAAGGCTTCTGGCTACACCTTTACCAGCTACTGGATGCAGTGGGTAAAACAGAGGCCTGGACAGGGTCTGGAATGGATTGGGGCTATTTATCCTGGAGATGGTGATACTAGGTACACTCAGAAGTTCAAGGGCAGGGCCACATTGACTGCAGATAAATCCTCCAGCACAGCCTACATGCAACTCAGCAGCTTGACATCTGAGGACTCTGCGGTCTATTACTGTGCAACA,
77,IGHV1-9*01,CAGGTTCAGCTGCAGCAGTCTGGAGCTGAGCTGATGAAGCCTGGGGCCTCAGTGAAGCTTTCCTGCAAGGCTACTGGCTACACATTCACTGGCTACTGGATAGAGTGGGTAAAGCAGAGGCCTGGACATGGCCTTGAGTGGATTGGAGAGATTTTACCTGGAAGTGGTAGTACTAACTACAATGAGAAGTTCAAGGGCAAGGCCACATTCACTGCAGATACATCCTCCAACACAGCCTACATGCAACTCAGCAGCCTGACAACTGAGGACTCTGCCATCTATTACTGTGCAAGA,
78,IGHV10-1*01,GAGGTGCAGCTTGTTGAGTCTGGTGGAGGATTGGTGCAGCCTAAAGGGTCATTGAAACTCTCATGTGCAGCCTCTGGATTCAGCTTCAATACCTACGCCATGAACTGGGTCCGCCAGGCTCCAGGAAAGGGTTTGGAATGGGTTGCTCGCATAAGAAGTAAAAGTAATAATTATGCAACATATTATGCCGATTCAGTGAAAGACAGATTCACCATCTCCAGAGATGATTCAGAAAGCATGCTCTATCTGCAAATGAACAACTTGAAAACTGAGGACACAGCCATGTATTACTGTGTGAGACA,
79,IGHV10-1*02,GAGGTGCAGCTTGTTGAGTCTGGTGGAGGATTGGTGCAGCCTAAAGGGTCATTGAAACTCTCATGTGCAGCCTCTGGATTCACCTTCAATACCTACGCCATGAACTGGGTCCGCCAGGCTCCAGGAAAGGGTTTGGAATGGGTTGCTCGCATAAGAAGTAAAAGTAATAATTATGCAACATATTATGCCGATTCAGTGAAAGACAGGTTCACCATCTCCAGAGATGATTCACAAAGCATGCTCTATCTGCAAATGAACAACTTGAAAACTGAGGACACAGCCATGTATTACTGTGTGAGCGA,
80,IGHV10-3*01,GAGGTGCAGCTTGTTGAGTCTGGTGGAGGATTGGTGCAGCCTAAAGGATCATTGAAACTCTCATGTGCCGCCTCTGGTTTCACCTTCAATACCTATGCCATGCACTGGGTCCGCCAGGCTCCAGGAAAGGGTTTGGAATGGGTTGCTCGCATAAGAAGTAAAAGTAGTAATTATGCAACATATTATGCCGATTCAGTGAAAGACAGATTCACCATCTCCAGAGATGATTCACAAAGCATGCTCTATCTGCAAATGAACAACCTGAAAACTGAGGACACAGCCATGTATTACTGTGTGAGAGA,
81,IGHV10-3*02,GAGGTGCAGCTTGTTGAGTCTGGTGGAGGATTGGTGCAGCCTAAAGGATCATTGAAACTCTCATGTGCCGCCTCTGTTTTCACCTTCAATACCTATGCCATGCACTGGGTCCGCCAGGCTCCAGGAAAGGGTTTGGAATGGGTTGCTCGCATAAGAAGTAAAAGTAGTAATTATGCAACATATTATGCCGATTCAGTGAAAGACAGATTCACCATCTCCAGAGATGATTCACAAAGCATGCTCTATCTGCAAATGAACAACCTGAAAACTGAGGACACAGCCATGTATTACTGTGTGAGAGA,
82,IGHV10-3*03,GAGGTGCAGCTTGTTGAGTCTGGTGGAGGATTGGTGCAGCCTAAAGGATCATTGAAACTCTCATGTGCCGCCTCTGTTTTCACCTTCAATACCTATGCCATGCACTGGGTCTGCCAGGCTCCAGGAAAGGGTTTGGAATGGGTTGCTCGCATAAGAAGTAAAAGTAATAATTATGCAACATATTATGCCGATTCAGTGAAAGACAGATTCACCATCTCCAGAGATGATTCACAAAGCATGCTCTATCTGCAAATGAACAACCTGAAAACTGAGGACACAGCCATGTATTACTGTGTGAGAGA,
83,IGHV10S3*01,GAGGTGCAGCTTGTTGAGACTGGTGGAGGATTGGTGCAGCCTAAAGGGTCATTGAAACTCTCATGTGCAGCCTCTGGATTCACCTTCAATACCAATGCCATGAACTGGGTCCGCCAGGCTCCAGGAAAGGGTTTGGAATGGGTTGCTCGCATAAGAAGTAAAAGTAATAATTATGCAACATATTATGCCGATTCAGTGAAAGACAGGTTCACCATCTCCAGAGATGATTCACAAAGCATGCTCTATCTGCAAATGAACAACTTGAAAACTGAGGACACAGCCATGTATTACTGTGTGAGAGA,
84,IGHV10S4*01,GAGGTGCAGCTTGTTGAGACTGGTGGAGGATTGGTGCAGCCTAAAGGGTCATTGAAACTCTCATGTCCAGCCTCTGGATTCAGCTTCAATACCAATGCCATGAACTGGGTCCGCCAGGCTCCAGGAAAGGGTTTGGAATGGGTTGCTCGCATAAGAAGTAAAAGTAATAATTATGCAACATATTATGCCGATTCAGTGAAAGACAGGTTCACCATCTCCAGAGATGATTCACAAAGCATGCTCTATCTGCAAATGAACAACTTGAAAACTGAGGACACAGCCATGTATTACTGTGTGAGA,
85,IGHV11-1*01,GAAGTGCAGCTGTTGGAGACTGGAGAAGGCTTGGTGCCACCTGGGGGGTCACGGGGACTCTCTTGTGAAGGCTCAGGGTTCACTTTTAGTGGCTTCTGGATGAGCTGGGTTCGACAGACACCTGGGAAGACCCTGGAGTGGATTGGAGACATTAATTCTGATGGCAGTGCAATAAACTACGCACCATCCATAAAGGATCGCTTCACTATCTTCAGAGACAATGACAAGAGCACCCTGTACCTGCAGATGAGCAATGTGCGATCTGAGGACACAGCCACGTATTTCTGTATGAGATA,
86,IGHV11-1*02,GAAGTGCAGCTGTTGGAGACTGGAGGAGGCTTGGTGCAACCTGGGGGGTCACGGGGACTCTCTTGTGAAGGCTCAGGGTTCACTTTTAGTGGCTTCTGGATGAGCTGGGTTCGACAGACACCTGGGAAGACCGTGGAGTGGATTGGAGACATTAATTCTGATGGCAGTGCAATAAACTACGCACCATCCATAAAGGATCGATTCACTATCTTCAGAGACAATGACAAGAGCACCCTGTACCTGCAGATGAGCAATGTGCGATCTGAGGACCCAGCCACGTATTTCTGTATGAGATA,
87,IGHV11-2*01,GAAGTGCAGCTGTTGGAGACTGGAGGAGGCTTGGTGCAACCTGGGGGGTCACGGGGACTCTCTTGTGAAGGCTCAGGGTTCACTTTTAGTGGCTTCTGGATGAGCTGGGTTCGACAGACACCTGGGAAGACCCTGGAGTGGATTGGAGACATTAATTCTGATGGCAGTGCAATAAACTACGCACCATCCATAAAGGATCGATTCACTATCTTCAGAGACAATGACAAGAGCACCCTGTACCTGCAGATGAGCAATGTGCGATCGGAGGACACAGCCACGTATTTCTGTATGAGATA,
88,IGHV11-2*02,GAAGTGCAGCTGTTGGAGACTGGAGGAGGCTTGGTGCAACCTGGGGGGTCACGGGGACTCTCTTGTGAAGGCTCAGGGTTTACTTTTAGTGGCTTCTGGATGAGCTGGGTTCGACAGACACCTGGGAAGACCCTGGAGTGGATTGGAGACATTAATTCTGATGGCAGTGCAATAAACTACGCACCATCCATAAAGGATCGATTCACTATCTTCAGAGACAATGACAAGAGCACCCTGTACCTGCAGATGAGCAATGTGCGATCTGAGGACACAGCCACGTATTTCTGTATGAGATA,
89,IGHV12-1-1*01,CAGATTCAGCTTAAGGAGTCTGGACCTGCTGTCATCAAGCCATCACAGTCACTGTCTCTCACCTGCATAGTCTCTGGATTCTCCATCACAAGTAGTAGTTATTGCTGGCACTGGATCCGCCAGCCCCCAGGAAAGGGGTTAGAGTGGATGGGGCGCATATGTTATGAAGGTTCAATATACTATAGTCCATCCATCAAAAGCCGCAGCACCATCTCCAGAGACACATCTCTGAACAAATTCTTTATCCAGCTGAGCTCTGTGACAAATGAGGACACAGCCATGTACTACTGTTCCAGGGAAAACCA,
90,IGHV12-3*01,CAGATGCAGCTTCAGGAGTCAGGACCTGGCCTGGTGAAACCCTCACAGTCACTCTTCCTTACCTGCTCTATTACTGGTTTCCCCATCACCAGTGGTTACTACTGGATCTGGATCCGTCAGTCACCTGGGAAACCCCTAGAATGGATGGGGTACATCACTCATAGTGGGGAAACTTTCTACAACCCATCTCTCCAGAGCCCCATCTCCATTACTAGAGAAACGTCAAAGAACCAGTTCTTCCTCCAATTGAACTCTGTGACCACAGAGGACACAGCCATGTATTACTGTGCAGGAGACAGA,
91,IGHV12-3*02,CAGATGCAGCTTCAGGAGTCAGGACCTGGCCTGGTGAAACCCTCACAGTCACTCTTCCTCGCCTGCTCTATTACTGGTTTCCCCATCACCAGTGGTTACTACTGGATCTGGATCCGTCAGTCACCTGGGAAACCCCTAGAATGGATGGGGTACATCACTCATAGTGGGGAAACTTTCTACAACCCATCCCTCCAGAGCCCCATCTCCATTACTAGAGAAACATCCAAGAACCAGTTCTTTCTGCAATTGAACTCTGTGACCACAGAGGACACAGCCATGTATTACTGTGCAGGAGACAGA,
92,IGHV13-2*01,CAGGTGCAGCTTGTAGAGACCGGGGGAGGCTTGGTGAGGCCTGGAAATTCTCTGAAACTCTCCTGTGTTACCTCGGGATTCACTTTCAGTAACTACCGGATGCACTGGCTTCGCCAGCCTCCAGGGAAGAGGCTGGAGTGGATTGCTGTAATTACAGTCAAATCTGATAATTATGGAGCAAATTATGCAGAGTCTGTGAAAGGCAGATTCGCCATTTCAAGAGATGATTCAAAAAGCAGTGTCTACCTAGAGATGAACAGATTAAGAGAGGAAGACACTGCCACTTATTTTTGTAGTAGACA,
93,IGHV13-2*02,CAGGTGCAGCTTGTAGAGACCGGGGGAGGCTTGGTGAGGCCTGGAAATTCTCTGAAACTCTCCTGTGTTACCTCGGGATTCACTTTCAGTAACTACCGGATGCACTGGCTTCGCCAGCCTCCAGGGAAGAGGCTGGAGTGGATTGCTGTAATTACAGTCAAATCTGATAATTATGGAGCAAATTATGCAGAGTCTGTGAAAGGCAGATTCACTATTTCAAGAGATGATTCAAAAAGCAGTGTCTACCTGCAGATGAACAGATTAAGAGAGGAAGACACTGCCACTTATTATTGTAGTAGACA,
94,IGHV13-2*03,CAGGTGCAGCTTGTAGAGACCGGGGGAGGCTTGGTGAGGCCTGGAAATTCTCTGAAACTCTCCTGTGTTACCTCGGGATTCACTTTCAGTAACTACCGGATGCACTGGCTTCGCCAGCCTCCAGGGAAGAGGCTGGAGTGGATTGCTGTAATTACAGTCAAATCTGATAATTATGGAGCAAATTATGCAGAGTCTGTGAAAGGCAGATTCGCCATTTCAAGAGATGATTCAAAAAGCAGTGTCTACCTGCAGATGGACAGATTAAGAGAGGAAGACACTGCCACTTATTATTGTAGCAGA,
95,IGHV14-1*01,GAGGTTCAGCTGCAGCAGTCTGGGGCAGAGCTTGTGAGGCCAGGGGCCTCAGTCAAGTTGTCCTGCACAGCTTCTGGCTTCAACATTAAAGACTACTATATGCACTGGGTGAAGCAGAGGCCTGAACAGGGCCTGGAGTGGATTGGAAGGATTGATCCTGAGGATGGTGATACTGAATATGCCCCGAAGTTCCAGGGCAAGGCCACTATGACTGCAGACACATCCTCCAACACAGCCTACCTGCAGCTCAGCAGCCTGACATCTGAGGACACTGCCGTCTATTACTGTACTACA,
96,IGHV14-1*02,GAGGTTCAGCTGCAGCAGTCTGGGGCTGAGCTTGTGAGGCCAGGGGCCTTAGTCAAGTTGTCCTGCAAAGCTTCTGGCTTCAACATTAAAGACTACTATATGCACTGGGTGAAGCAGAGGCCTGAACAGGGCCTGGAGTGGATTGGATGGATTGATCCTGAGAATGGTAATACTATATATGACCCGAAGTTCCAGGGCAAGGCCAGTATAACAGCAGACACATCCTCCAACACAGCCTACCTGCAGCTCAGCAGCCTGACATCTGAGGACACTGCCGTCTATTACTGTGCTAGA,
97,IGHV14-2*01,GAGGTTCAGCTGCAGCAGTCTGGGGCAGAGCTTGTGAAGCCAGGGGCCTCAGTCAAGTTGTCCTGCACAGCTTCTGGCTTCAACATTAAAGACTACTATATGCACTGGGTGAAGCAGAGGACTGAACAGGGCCTGGAGTGGATTGGAAGGATTGATCCTGAGGATGGTGAAACTAAATATGCCCCGAAATTCCAGGGCAAGGCCACTATAACAGCAGACACATCCTCCAACACAGCCTACCTGCAGCTCAGCAGCCTGACATCTGAGGACACTGCCGTCTATTACTGTGCTAGA,
98,IGHV14-3*01,GAGGTTCAGCTGCAGCAGTCTGTGGCAGAGCTTGTGAGGCCAGGGGCCTCAGTCAAGTTGTCCTGCACAGCTTCTGGCTTCAACATTAAAAACACCTATATGCACTGGGTGAAGCAGAGGCCTGAACAGGGCCTGGAGTGGATTGGAAGGATTGATCCTGCGAATGGTAATACTAAATATGCCCCGAAGTTCCAGGGCAAGGCCACTATAACTGCAGACACATCCTCCAACACAGCCTACCTGCAGCTCAGCAGCCTGACATCTGAGGACACTGCCATCTATTACTGTGCTAGA,
99,IGHV14-3*02,GAGGTTCAGCTGCAGCAGTCTGGGGCAGAGCTTGTGAAGCCAGGGGCCTCAGTCAAGTTGTCCTGCACAGCTTCTGGCTTCAACATTAAAGACACCTATATGCACTGGGTGAAGCAGAGGCCTGAACAGGGCCTGGAGTGGATTGGAAGGATTGATCCTGCGAATGGTAATACTAAATATGACCCGAAGTTCCAGGGCAAGGCCACTATAACAGCAGACACATCCTCCAACACAGCCTACCTGCAGCTCAGCAGCCTGACATCTGAGGACACTGCCGTCTATTACTGTGCTAGA,
100,IGHV14-4*01,GAGGTTCAGCTGCAGCAGTCTGGGGCTGAGCTTGTGAGGCCAGGGGCCTCAGTCAAGTTGTCCTGCACAGCTTCTGGCTTTAACATTAAAGACGACTATATGCACTGGGTGAAGCAGAGGCCTGAACAGGGCCTGGAGTGGATTGGATGGATTGATCCTGAGAATGGTGATACTGAATATGCCTCGAAGTTCCAGGGCAAGGCCACTATAACAGCAGACACATCCTCCAACACAGCCTACCTGCAGCTCAGCAGCCTGACATCTGAGGACACTGCCGTCTATTACTGTACTACA,
101,IGHV14-4*02,GAGGTTCAGCTGCAGCAGTCTGGGGCAGAGCTTGTGAGGTCAGGGGCCTCAGTCAAGTTGTCCTGCACAGCTTCTGGCTTCAACATTAAAGACTACTATATGCACTGGGTGAAGCAGAGGCCTGAACAGGGCCTGGAGTGGATTGGATGGATTGATCCTGAGAATGGTGATACTGAATATGCCCCGAAGTTCCAGGGCAAGGCCACTATGACTGCAGACACATCCTCCAACACAGCCTACCTGCAGCTCAGCAGCCTGACATCTGAGGACACTGCCGTCTATTACTGTAATGCA,
102,IGHV15-2*01,CAGGTTCACCTACAACAGTCTGGTTCTGAACTGAGGAGTCCTGGGTCTTCAGTAAAGCTGTCATGCAAGGATTTTGATTCAGAAGTCTTCCCTATTGCTTATATGAGTTGGGTAAGGCAGAAGCCTGGGCATGGATTTGAATGGATTGGAGGCATACTCCCAAGTATTGGTAGAACAATCTATGGAGAGAAGTTTGAGGACAAAGCCACATTGGATGCAGACACACTGTCCAACACAGCCTACTTGGAGCTCAACAGTCTGACATCCGAGGACTCTGCTATCTACTACTGTGCAAGG,
103,IGHV15-2*02,CAGGTTCACCTACAACAGTCTGGTTCTGAACTGAGGAGTCCTGGGTCTTCAGTAAAGCTTTCATGCAAGGATTTTGATTCAGAAGTCTTCCCTATTGCTTATATGAGTTGGGTTAGGCAGAAGCCTGGGCATGGATTTGAATGGATTGGAGACATACTCCCAAGTATTGGTAGAACAATCTATGGAGAGAAGTTTGAGGACAAAGCCACACTGGATGCAGACACAGTGTCCAACACAGCCTACTTGGAGCTCAACAGTCTGACATCTGAGGACTCTGCTATCTACTACTGTGCAAGG,
104,IGHV1S100*01,GAGGTCCAGCTGCAACAGTCTGGACCTGAGCTGGTGAAGCCTGGGGCTTCAGTGAAGATATCCTGCAAGGCTTCTGGATACACATTCACTGACTACTACATGGACTGGGTGAAGCAGAGCCATGGAAAGAGCCTTGAGTGGATTGGAGATATTAATCCTAACAATGGTGGTACTATCTACAACCAGAAGTTCAAGGGCAAGGCCACATTGACTGTAGACAAGTCCTCCAGCACAGCCTACATGGAGCTCCGCA,
105,IGHV1S103*01,GAGGTCCAGCTGCAGCAGTCTGGACCTGAGCTGGTGAAGCCTGGGGCTTCAGTGAAGATATCCTGCAAGGCTTCTGGTTACTCATTCACTGGCTACTACATGAACTGGGTGAAGCAAAGTCCTGAAAAGAGCCTTGAGTGGATTGGAGAGATTAATCCTAACAATGGTGGTACTAGCTACAACCAGAAGTTCAAGGGCAAGGCCACATTGACTGTAGACAAGTCCTCCAGCACAGCCTACATGGAGCTCCGCA,
106,IGHV1S107*01,GAGGTCCAGCTGCAACAATCTGGACCTGAGCTGGTGAAGCCTGGGGCTTCAGTGAAGATGTCCTGTAAGGCTTCTGGATACAAATTCACTGATTACTACATGCACTGGGTGAAGCAGAGCCATGGAAAGAGCCTTGAGTGGATTGGAGATATTAATCCTAACAATGGTGGTACTAGCTACAACCAGAAGTTCAAGGGCAAGGCCACATTGACTGTAGACAAATCCTCCAGCACAGCCTACATGCAGCTCAACA,
107,IGHV1S108*01,GAGGTCCAGCTGCAACAATCTGGACCTGAGCTGGTGAAGCCTGGGGCTTCAGTGAAGATATCCTGTAAGGCTTCTGGATACACGTTCACTGACTACTACATGAACTGGGTGAAGCAGAGCCATGGAAAGAGCCTTGAGTGGATTGGAGATATTAATCCTAACAATGGTGGTACTAGCTACAACCAGAAGATCAAGGGCAAGGCCACATTGACTGTAGACAAGTCCTCCAGCACAGCCTACATGGAGCTCCGCA,
108,IGHV1S111*01,GAGGTCCAGCTGCAACAGTTTGGAGCTGAGCTGGTGAAGCCTGGGGCTTCAGTGAAGATATCCTGCAAGGCTTCTGGCTACACATTCACTGACTACAACATGGACTGGGTGAAGCAGAGCCATGGAAAGAGCCTTGAGTGGATTGGAGATATTAATCCTAACTATGATAGTACTAGCTACAACCAGAAGTTCAAGGGAAAGGCCACATTGACTGTAGACAAGTCCTCCAGCACAGCCTACATGGAGCTCCGC,
109,IGHV1S112*02,GAGGTCCAGCTGCAACAGTTTGGAGCTGAGCTGGTGAAGCCTGGGGCTTCAGTGAAGATATCCTGCAAGGCTTCTGGATACACATTCACTGACTACAACATGCACTGGGTGAAGCAGAGCCATGGAAAGAGCCTTGAGTGGATTGGAGGTATTAATCCTAACAATGGTGCTACTAGCTACAACCAGAAGTTCAAGGGCAAGGCCACATTGACTGTAGACAAGTCCTCCAGCACAGCCTACATGGAGCTCCGCA,
110,IGHV1S113*01,GAGGTCCAGCTGCAACAGTCTGGACCTGAGCTGGTGAAGCCTGGGGCTTCAGTGAAGATATCCTGCAAGACTTCTGGATACACATTCACTGAATACACCATGCACTGGGTGAAGCAGAGCCATGGAAAGAGCCTTGAGTGGATTGGAGGTATTAATCCTAACAATGGTGGTACTAGCTACAACCAGAAGTTCAAGGGCAAGGCCACATTGACTGTAGACAAGTCCTCCAGCACAGCCTACATGGAGCTCCGC,
111,IGHV1S113*02,GAGGTCCAGCTGCAACAGTCTGGACCTGAGCTGGTGAAGCCTGGGGCTTTAGTGAAGATATCCTGCAAGACTTCTGGATACACATTCACTGAATATACCATGCACTGGGTGAAGCAGAGCCATGGAAAGAGCCTTGAGTGGATTGGAGGTATTAATCCTAACAATGGTGGTACTAGCTACAACCAGAAGTTCAAGGGCAAGGCCACATTGACTGTAGACAAGTCCTCCAGCACAGCCTACATGGAGCTCCGCA,
112,IGHV1S118*01,GAGGTCCTGCTGCAACAGTCTGGACCTGAGCTGGTGAAGCCTGGGGCTTCAGTGAAGATAACCTGTAAGGCTTCTGGATACACATTCACTGACTACAACATGGACTGGGTGAAGCAGAGCCATGGAAAGAGCCTTGAGTGGATTGGAGATATTAATCCTAACAATGGTGGTACTATCTACAACCAGAAGTTCAAGGGCAAGGCCACATTGACTGTAGACAAGTCCTCCAGCACAGCCTACATGGAGCTCCGCA,
113,IGHV1S12*01,CAGGTCCAGCTGCAGCAATCTGGACCTGAGCTGGTGAAGCCTGGGGCTTCAGTGAAGATATCCTGCAAGGCTTCTGGCTATACCTTCACAAGCTACTATATACACTGGGTGAAGCAGAGGCCTGGACAGGGCCTTGAGTGGATTGGATATATTTATCCTAGAGATGGTAGTACTAATTACAATGAGAAGTTCAAGGGCAAGGCCACACTGACTGCAGACACATCCTCCAGCACAGCCTACATGCAGCTCAGCAGCCTGACATCTGAGGACTCTGCAGTCTATTTCTGTGCAAGA,
114,IGHV1S120*01,CAGGTCCAACTGCAGCAGTCTGGGGCTGAACTGGTGAAGCCTGGGGCTTCAGTGAAGTTGTCCTGCAAGGCTTCTGGCTACACCTTCACCAGCTACTATATGTACTGGGTGAAGCAGAGGCCTGGACAAGGCCTTGAGTGGATTGGAGAGATTAATCCTAGCAATGGTGGTACTAACTTCAATGAGAAGTTCAAGAGCAAGGCCACACTGACTGTAGACAAATCCTCCAGCACAGCATACATGCAACTCAGC,
115,IGHV1S120*02,CAGGTCCAACTGCAGCAGCCTGGGGCTGAACTGGTGAAGCCTGGGGCTTCAGTGAAGTTGTCCTGCAAGGCTTCTGGCTACACCTTCACCAGCTACTATATGTACTGGGTGAAGCAGAGGCCTGGACAAGGCCTTGAGTGGATTGGGGGGATTAATCCTAGCAATGGTGGTACTAACTTCAATGAGAAGTTCAAGAGCAAGGCCACACTGACTGTAGACAAATCCTCCAGCACAGCCTACATGCAACTCAGC,
116,IGHV1S121*01,CAGGTGCAACTGCAGCAGCCTGGGGCTGAGCTGGTGAAGCCTGGGGCCTCAGTGAAGATGTCCTGCAAGGCTTCTGGCTACACATTTACCAGTTACAATATGCACTGGGTAAAGCAGACACCTGGACAGGGCCTGGAATGGATTGGAGCTATTTATCCAGGAAATGGTGATACTTCCTACAATCAGAAGTTCAAAGGCAAGGCCACATTGACTGCAGACAAATCCTCCAGCACAGCCTACATGCAGCTCAGC,
117,IGHV1S122*01,CAGGTCCAACTCCAGCAGCCTGGGGCTGAACTGGTGAAGCCTGGGGCTTCAGTGAAGTTGTCCTGCAAGGCTTCTGGCTACACCTTCACCAGCTACTGGATGCACTGGGTGAAGCTGAGGCCTGGACAAGGCTTTGAGTGGATTGGAGAGATTAATCCTAGCAATGGTGGTACTAACTACAATGAGAAGTTCAAGAGAAAGGCCACACTGACTGTAGACAAATCCTCCAGCACAGCCTACATGCAACTCAGC,
118,IGHV1S126*01,CAGGTGCAACTGCAGCAGCCTGGGGCTGAGCTGGTGAAGCCTGGGGCTTCAGTGAAGATATCCTGCAAGGCTTCTGGCTACACCTTCACCAGCTACTGGATGAACTGGGTGAAGCAGAGGCCTGGACAAGGCCTTGAGTGGATCGGAGAGATCGATCCTTCTGATAGTTATACTAACAACAATCAAAAGTTCAAGGACAAGGCCACATTGACTGTAGACAAATCCTCCAGCACAGCCTACATGCAGCTCAGCAGCCTGACATCTGAGGACTCTGCGGTCTATTACTGTGCAAGA,
119,IGHV1S127*01,CAGGTCCAACTGCAGCAGCCTGGGGCTGAGCTGGTGAAGCCTGGGGCTTCAGTGAAGATGTCCTGCAAGGCTTCTGGCTACACCTTCACCAGCTACTGGATGCACTGGGTGAAGCAGAGGCCTGGACAAGGCCTTGAGTGGATCGGAACGATTGATCCTTCAGATAGTTATACTAGCTACAATCAAAAGTTCAAGGGCAAGGCCACATTGACTGTAGACACATCCTCCAGCACAGCCTACATGCAGCTCAGCAGCCTGACATCTGAAGACTCTGCGGTCTATTACTGTACAAGA,
120,IGHV1S130*01,CAGGTCCAACTGCAGCAGCCTGGGTCTGTGCTGGTGAGGCCTGGAGCTTCAGTGAAGCTGTCCTGCAAGGCTTCTGGCTACACCTTCACCAGCTCCTGGATGCACTGGGCGAAGCAGAGGCCTGGACAAGGCCTTGAGTGGATTGGAGAGATTCATCCTAATAGTGGTAATACTAACTACAATGAGAAGTTCAAGGGCAAGGCCACACTGACTGTAGACACATCCTCCAGCACAGCCTACGTGGATCTCAGCAGCCCGACATCTGAGGACTCTGCGGTCTATTACTGTGCAAGA,
121,IGHV1S132*01,CAGGTCCAGCTGCAGCAGTCTGGAGCTGAGCTGGTGAAGCCTGGGGCTTCAGTGAAGCTGTCCTGCAAGACTTCTGGCTACACCTTCACCAGCTACTGGATTCAGTGGGTAAAACAGAGGCCTGGACAGGGCCTTGGGTGGATTGGAGAGATATTTCCTGGAACTGGCACTACTTACTACAATGAGAAGTTCAAGGGCAAGGCCACACTGACTATAGACACATCCTCCAGCACAGCCTACATGCAGCTCAGCAGCCTGACCTCTGAGGACTCTGCTGTCTATTTCTGTGCAAGA,
122,IGHV1S134*01,GAGGTCCAGCTTCAGCAGTCTGGAGCTGAGCTGGGGAGGCCTGGGTCCTCAGTGAAGCTGTCCTGCAAGACTTCTGGATATACATTCACAAGCTATGGTATAAAGTGGGTGAAACAGAGGCCTGGACAGGGCCTGGAATGGATTGGATATATTTATCCTGGAAATGGTTATACTGTGTACAATGAGAAGTTCCAGGGCAAGGCCACACTGACTTCAGACACATCCTCCAGCACAGCCTACATGCAGCTCAGAAGCCTGACATCTGAGGACTCTGCAATCTATTTCTGTGCAAGA,
123,IGHV1S135*01,GAGATCCAGCTGCAGCAGTCTGGACCTGAGCTGGTGAAGCCTGGGGCTTCAGTGAAGGTATCCTGCAAGGCTTCTGGTTACTCATTCACTGACTACAACATGTACTGGGTGAAGCAGAGCCATGGAAAGAGCCTTGAGTGGATTGGATATATTGATCCTTACAATGGTGGTACTAGCTACAACCAGAAGTTCAAGGGCAAGGCCACATTGACTGTTGACAAGTCCTCCAGCACAGCCTTCATGCATCTCAACAGCCTGACATCTGAGGACTCTGCAGTCTATTACTGTGCAAGA,
124,IGHV1S136*01,GAGGTCCAGCTGCAGCAGTCTGGACCTGAGCTGGTGAAGCCTGGGGCTTCAGTGAAGATGTCCTGCAAGGCTTCTGGATACACATTCACTGACTATGTTATGCACTGGGTGAAGCAGAAGCCTGGGCAGGGCCTTGAGTGGATTGGATATATTTATCCTTACAATGATGGTACTGAGTACACTGAGAAGTTCAAAGGCAAGGCCACACTGACTTTAGACAAATCCTCCAGCACAGCCTACATGGATCTCAGCAGCCTGACCTCTGAGGACTCTACGGTCTATTACTGTGCAAGA,
125,IGHV1S137*01,CAGGTCCAGCTGCAGCAGTCTGGGGCTGAGCTGGTGAGGCCTGGGGTCTCAGTGAAGATTTCCTGCAAGGGTTCTGGCTACACATTCACTGATTATGCTATGCACTGGGTGAAGCAGAGTCATGCAAAGAGTCTAGAGTGGATTGGAGTTATTAGTACTTACTATGGTGATGCTAGCTACAACCAGAAGTTCAAGGGCAAGGCCACAATGACTGTAGACAAATCCTCCAGCACAGCCTATATGGAACTTGCCAGATTGACATCTGAGGATTCTGCTGTTTATTACTGTGCAAGA,
126,IGHV1S14*01,CAGGTCCAACTGCAGCAGCCTGGGTCTGTGCTGGTGAGGCCTGGGACTTCAGTGAAGCTATCCTGCAAGGCTTCTGGCTACACCTTCACCAGCTACTGGATGCACTGGGCGAAGCAGAGGCCTGGACAAGGCCTTGAGTGGATTGGAGAGATTCATCCTAATTGTGGTAATATTAACTACAATGAGAAGTTCAAGGGCAAGGCCACACTGACTGTAGACACATCCTCCAGCACAGCCTACGTGGATCTCAGCAGCCTGACATCTGAGGACTCTGCGGTCTATTACTGTGCAAGA,
127,IGHV1S26*01,CAGGTCCAGCTGCAGCAGTCTGGGGCTGAACTGGTCAAGACTGGGGCCTCAGTGAAGATGTCCTGCAAGGCTTCTGGCTACACCTTTACTAGCTACACGATGCACTGGGTAAAACAGAGGCCTGGACAGGGTCTGGAATGGATTGGATACATTAATCCTAGCAGTGGTTATACTAATTACAATCAGAAGTTCAAGGACAAGGCCACATTGACTGCAGACAAATCCTCCAGCACAGCCTACATGCAACTGAGCAGCCTGACATCTGAGGACTCTGCAGTCTATTACTGTGCAAGA,
128,IGHV1S29*01,GAGGTCCAGCTTCAGCAGTCAGGACCTGAGCTGGTGAAACCTGGGGCCTCAGTGAAGATATCCTGCAAGGCTTCTGGATACACATTCACTGACTACAACATGCACTGGGTGAAGCAGAGCCATGGAAAGAGCCTTGAGTGGATTGGATATATTTATCCTTACAATGGTGGTACTGGCTACAACCAGAAGTTCAAGAGCAAGGCCACATTGACTGTAGACAATTCCTCCAGCACAGCCTACATGGACGTCCGCAGCCTGACATCTGAGGACTCTGCAG,
129,IGHV1S29*02,GAGGTCCAGCTTCAGCAGTCAGGACCTGAGCTGGTGAAACCTGGGGCCTCAGTGAAGATATCCTGCAAGGCTTCTGGATACACATTCACTGACTACAACATGCACTGGGTGAAGCAGAGCCATGGAAAGAGCCTTGAGTGGATTGGATATATTTATCCTTACAATGGTGGTACTGGCTACAACCAGAAGTTCAAGAGCAAGGCCACATTGACTGTAGACAATTCCTCCAGCACAGCCTACATGGAGCTCAGCAGCCTGACATCTGAGGACTCTGCAGTCTATTACTGTGCAAGA,
130,IGHV1S35*01,CAGGTCCAACTGCAGCAGCCTGGGGCTGTGCTGGTGAGGCATGGAGCTTCAGTGAAGCTGTCCTGCAAGGCTTCTGGCTACACCTTCACCAGCTCATGGATGCACTGGGCGAAGCAGAGGCATGGACAAGGCCTTGAGTGGATTGGAGAGATTCATCCTAATAGTGGTAATACTAACTACAATGAGAAGTTCAAGGGCAAGGCCACACTGACTGTAGACAAATCCTCCAGCACAGCCTACGTGGATCTCAGCAGCCTGACATCTGAGGACTCTGCGGTCTATTACTGTGCAAGA,
131,IGHV1S36*01,CCGGTCCAACTGCAGCAGCCTGGGGCTGAGCTTGTGAAGCCTGGGGCTTCAGTAAAGCTGTCCTGCAAGGCTTCTGGCTACACCTTCACCAGCTACTGGATGCACTGGGTGAAGCAGAGGCCTGGACGAGGCCTTGAGTGGATTGGAAATATTGATCCTAATAGTGGTGGTACTAAGTACAATGAGAAGTTCAAGAGCAAGGCCACACTGACTGTAGACAAACCCTCCAGCACAGCCTACATGCAGCTCAGCAGCCTGACATCTGAGGACTCTGCGGTCTATTACTGTACAAGA,
132,IGHV1S36*02,CCGGTCCAACTGCAGCAGCCTGGGGCTGAGCTTGTGAAGCCTGGGGCTTCAGTAAAGCTGTCCTGCAAGGCTTCTGGCTACACCTTCACCAGCTACTGGATGCACTGGGTGAAGCAGAAGCCTGGACGAAGCCTTGAGTGGATTGGAAGGATTGATCCTAATAGTGGTGGTACTAAGTACAATGAGAAGTTCAAGAGCAAGGCCACACTGACTGTAGACAAACCCTCCAGCACAGCCTACATGCAGCTCAGCAGCCTGACATCTGAGGACTCTGCGGTCTATTACTGTACAAGA,
133,IGHV1S40*01,CAGGTCCAGCTGCAGCAATCTGGACCTGAGCTGGTGAGGCCTGGGCTTTCAGTGAAGCTGTCCTGCAAGGCTTCTGGCTATATCTTCATCACCTACTGGATGAACTGGGTGAAGCAGAGGCCTGGACAGGGCCTTGAGTGGATTGGACAGATTTTTCCTGCAAGTGGTAGTACTAACTACAATGAGATGTTCGAGGGCAAGGCCACATTGACTGTAGACACATCCTCCAGCACAGCCTACATGCAGCTCAGCAGCCTGACATCTGAGGACTCTGCGGTCTATTACTGTGCAAGA,
134,IGHV1S44*01,GAGATCCAGCTGCAACAGTCTGGACCTGAGCTGGTGAAGCCTGGGGCTTCAGTGAAGATGTCCTGCAAGGCTTCTGGATACACATTCACTGACTACTACATGCACTGGGTGAAGCAGAGCAATGGAAAGAGCCTTGAGTGGATTGGATATATTAATCCTTATAATGATTATACTAGCTACAACCAGAAGTTCAATGGCAAGGCC,
135,IGHV1S45*01,GAAGTCCAGCTGCAACAGTCTGGACCTGAGCTGGTGAAGCCTGGGGCTTCAGTGAAGATGTCCTGCAAGGCTTCTGGATACACATTCACTGACTATGTTATGCACTGGGTGAAGCAGAGCAATGGAAAGAGCCTTGAGTGGATTGGATATATTAATCCTTATAATGATTATACTAGCTACAACCAGAAGTTCAAGGGCAAGGCCACATTGACTGTAGACAAATCCTCCAGCACAGCCTACATGCAGCTCAACAGCCTGACATCTGAGGACTCTGCAGTCTATTACTGTGCAAGA,
136,IGHV1S46*01,GAGGTCCAGCTGCAACAGTCTGGACCTGAGCTGGTGAAGCCTGGGGCTTCAGTGAAGATATCCTGCAAGGCTTCTGGATTCACATTCACTGACTATGTCATGCACTGGGTGAAGCAGAGCCATGGAAAGAGCCTTGAGTGGATTGGACTTATTATTCCTTACAATGGTGATACTTTCTACAACCAGAAGTTCAAGGGCAAGGCCACATTGACTGTAGACACATCCTCCAGCACAGCCTACATGGAGCTCAACAGCCTGACATCTGAGGACTTTGCAGTCTATTACTGTGCAAGAT,
137,IGHV1S49*01,GAGGTCCAGCTTCAGCAGTCTGGAGCTGAGCTGGTGAGGCCTGGGTCCTCAGTGAAGCTGTCCTGCAAGACTTCTGGATATACATTCACAAGCTATGGTATAAACTGGGTGAAACAGAGGCCTGGACAGGGCCTGGAATGGATTGGATATATTTATCTTGGAAATGGTTATACTGCGTACAATGAGAAGTTCAAGGGCAAGGCCACACTGACTTCAGACACATCCTCCAGCACAGCGTACATGCAGCTCAGAAGCCTGACATCTGAGGACTCTGTGATCAAGTTCTGCGCAAGA,
138,IGHV1S5*01,CAGGTCCAACTGCAGCAGCCTGGGGCTGAGCTTGTGAAGCCTGGGGCTTCAGTGAAGCTGTCCTGCAAGGCTTCTGGCTACACTTTCACCAGCTACTGGATGCACTGGGTGAAGCAGAGGCCTGGAGAAGGCCTTGAGTGGATTGGAAATATTTATCCTGGTAGTAGTAGTACTAACTACAATGAGAAGTTCAAGAGCAAGGCCACACTGACTGTAGACACACCCTCCAGCACAGCCTACATGCAGCTCAGCAGCCTGACATCTGAGGACTCTGCGGTCTATTATTGTGCAAGA,
139,IGHV1S50*01,CAGGTCCAGCTGCAGCAGTCTGGAGCTGAGCTGGTGAAGCCTGGGGCTTCAGTGAGGATATCCTGCAAGACTTCTGGCTACACCTTCACAAGCTACAATATACACTGGGTGAAAGAGAGGCCTGGACAGGGACTTGAGTGGATTGGATGGATTTATCCTGGAGATGGTAATACTAAGTACAATGAGAAGTTCAAGGGCAAGACCACACTGACTGCAGACAAATCCTCCAGCACAGCCTACATGCAGCTCAGCAGCCTGACCTCTGAGGACTCTGCGGTCTATTTCTGTGCAAGA,
140,IGHV1S52*01,CAGGTCCAGCTGCAGCAGTCTGGAGCTGAGCTGGTAAGACCTGGGACTTCAGTGAAGGTGTCCTGCAAGGCTTCTGGATACGTCTTCACTAATTACTTGATAGAGTGGGTAAAGCAGAGGCCTGGACAGGGCCTGGAGTGGATTGGAGTGATTAATCCTGGAAGTGGTGGTACTAACTACAATGAGAAGTTCAAGGGCAAGGCAACACTGACTGCAGACAAATCCTCCAGCACTGCCTACATGCAGCTCAGCAGCCTGACATCTGATGACTCTGCGGTCTATTTCTGCGCAAGA,
141,IGHV1S53*01,CAGGTTCAGCTGCAACAGTCTGACGCTGAGTTGGTGAAACCTGGGGCTTCAGTGAAGATATCCTGCAAGGCTTCTGGCTACACCTTCACTGACCATGCTATTCACTGGGTGAAGCAGAAGCCTGAACAGGGCCTGGAATGGATTGGATATATTTCTCCCGGAAATGGTGATATTAAGTACAATGAGAAGTTCAAGGGCAAGGCCACACTGACTGCAGACAAATCCTCCAGCACTGCCTACATGCAGCTCAACAGCCTGACATCTGAGGATTCTGCAGTGTATTTCTGTAAAAGA,
142,IGHV1S53*02,CAGGTTCAGCTGCAGCAGTCTGACGCTGAGTTGGTGAAACCTGGGGCTTCAGTGAAGATATCCTGCAAGGCTTCTGGCTACACCTTCACTGACCATGCTATTCACTGGGTGAAGCAGAAGCCTGAACAGGGCCTGGAATGGATTGGATATATTTCTCCCGGAAATGGTGATATTAAGTACAATGAGAAGTTCAAGGGCAAGGCCACACTGACTGCAGACAAATCCTCCAGCACTGCCTACATGCAGCTCAACAGCCTGACATCTGAGGATTCTGCAGTGTATTTCTGTAAAAGA,
143,IGHV1S53*03,CAGGTTCAGCTGCAGCAGTCTGACACTGAGTTGGTGAAACCTGGGGCTTCAGTGAAGATATCCTGCAAGGCTTCTGGCTACACCTTCACTGACCATGCTATTCACTGGGTGAAGCAGAGGCCTGAACAGGGCCTGGAATGGATTGGATATATTTCTCCCGGAAATGGTGATATTAAGTACAATGAGAAGTTCAAGGGCAAGGCCACACTGACTGCAGACAAATCCTCCAGCACTGCCTACATGCAGCTCAACAGCCTGACATCTGAGGATTCTGCAGTGTATTTCTGTAAAAGA,
144,IGHV1S55*01,CAGGTCCAACTGCAGCAGCCTGGATCTGTGCTGGTGAGGCCTGGAGCTTCAGTGAAGCTGTCCTGCAAGGCTTCTGGCTACACATTCACCAGCTACTGGATGAACTGGGTGAAGCAGAGGCCTGGACAAGGCCTTGAGTGGATTGGAGGGATTTATCCTAATAGTGGTAGTACTGACTACAATGAGAAGTTCAAGGGCAAGGCCACACTGACTGTAGACACATCCTCCAGCACGACCTACATGGATCTCAGCAGCCTGACATCTAAGGACTCTGCGGTCTATTACTGTGCAAGA,
145,IGHV1S56*01,CAGGTCCAGCTGCAGCAGTCTGGACCTGAGCTGGTGAAGCCTGGGGCTTCAGTGAGGATATCCTGCAAGGCTTCTGGCTACACCTTCACAAGCTACAATATACACTGGGTGAAGCAGAGGCCTGGACAGGGACTTGAGTGGATTGGATGGATTTATCCTGGAGATGGTAATACTAAGTACAATGAGAAGTTCAAGGGCAAGACCACACTGACTGCAGACAAATCCTCCAGCACAGCCTACATGCAGCTCAGCAGCCTGACCTCTGAGGACTCTGCAGTCTATTTCTGTGCAAGA,
146,IGHV1S61*01,CAGGTCCAACTGCAGCAGCCTGGTGCTGAGCTTGTGAAGCCTGGGGCCTCAGTGAAGCTGTCCTGCAAGGCTTCTGGCTACACTTTCACCAGCTACTGGATAAACTGGGTGAAGCAGAGGCCTGGACAAGGCCTTGAGTGGATTGGAAATATTTATCCTGGTAGTAGTAGTACTAACTACAATGAGAAGTTCAAGAGCAAGGCCACACTGACTGTAGACACATCCTCCAGCACAGCCTACATGCAGCTCAGCAGCCTGACATCTGACGACTCTGCGGTCTATTATTGTGCAAGA,
147,IGHV1S65*01,CCGGTCCAACTGCAGCAGCCTGGGGCTGAGCTTGTGAAGCCTGGGGCTTCAGTAAAGCTGTCCTGCAAGGCTTCTGGCTACACCTTCACCAGCTACTGGATGCACTGGGTGAAGCAGAGGCCTGGACGAGGCCTTGAGTGGATTGGAAGGATTGATCCTAATAGTGGTGGTACTAAGTACAATGAGAAGTTCAAGAGCAAGGCCACACTGACTGTAGACAAACCCTCCAGCACAGCCTACATGCAGCTCAGC,
148,IGHV1S65*03,CCGGTCCAACTGCAGCAGCCTGGGGCTGAGCTTGTGAAGCCTGGGGCTTCAGTAAAGCTGTCCTGTAAGGCTTCTGGCTATACCTTCACCAGCTACTGGATGCACTGGGTGAAGCAGAGGCCTGGACGAGGCCTTGAGTGGATTGGAAGGATTGATCCTAATAGTGGTGGTACTAAGTACAATGAGAAGTTCAAGAGCAAGGCCACACTGACTGTAGACAAACCCTCCAGCACAGCCTACATGCAGCTCAGC,
149,IGHV1S67*01,CAGGTCCAACTGCAGCAGCCTGGGGCTGAACTGGTGAAGCCTGGGGCTTCAGTGAAGTTGTCCTGCAAGGCTTCTGGCTACACCTTCACCAGCTACTGGATGTACTGGGTGAAGCAGAGGCCTGGACAAGGCCTTGAGAGGATTGGAGAGATTAATCCTGGCAATGGTGGTACTAACTACAATGAGAAGTTCAAGAGCAAGGCCACACTGACTGTAGACAAATCCTCCAGCACAGCCTACATGCAACTCAGC,
150,IGHV1S67*02,CAGGTCCAACTGCAGCAGCCTGGGGCTGAACTGGTGAAGCCTGGGGCTTCAGTGAAGTTGTCCTGCAAGGCTTCTGGCTACACCTTCACCAGCTACTGGATGTACTGGGTGAAGCAGAGGCCTGGACAAGGCCTTGAGAGGATTGGAGAGATTAATCCTAGCAATGGTGGTACTAACTACAATGAGAAGTTCAAGAGCAAGGCCACACTGACTGTAGACAAATCCTCCAGCACAGCCTACATGCAACTCAGC,
151,IGHV1S68*01,CAGGTCCAACTGCAGCAGCCTGGGGCTGAGCTTGTGAAGCCTGGGACTTCAGTGAAGCTGTCCTGCAAGGCTTCTGGCTACACCTTCACCAGCTACTGGATAAACTGGGTGAAGCTGAGGCCTGGACAAGGCCTTGAGTGGATTGGAGATATTTATCCTGGTAGTGGTAGTACTAACTACAATGAGAAGTTCAAGAGCAAGGCCACACTGACTGTAGACACATCCTCCAGCACAGCCTACATGCAACTCAGC,
152,IGHV1S68*02,CAGGTCCAACTGCAGCAGCCTGGGGCTGAGCTTGTGAAGCCTGGGACTTCAGTGAAGCTGTCCTGCAAGGCTTCTGGCTACAACTTCACCAGCTACTGGATAAACTGGGTGAAGCTGAGGCCTGGACAAGGCCTTGAGTGGATTGGAGATATTTATCCTGGTAGTGGTAGTACTAACTACAATGAGAAGTTCAAGAGCAAGGCCACACTGACTGTAGACACATCCTCCAGCACAGCCTACATGCAACTCAGC,
153,IGHV1S70*01,CAGGTCCAACTGCAGCAGCCTGGGGCTGAGCTGGTGAGGCCTGGGGCTTCAGTGAAGCTGTCCTGCAAGGCTTCTGGCTACACCTTCACCAGCTACTGGATAAACTGGGTGAAGCAGAGGCCTGGACAAGGCCTTGAGTGGATTGGAAATATTTATCCTCTTGATAGTAATACTAACTACAATCAAAAGTTCAAGGACAAGGCCACATTGACTGTAGACAAATCCTCCAGCACAGCCTACATGCAGCTCAGC,
154,IGHV1S72*01,CAGGTCCAACTGCAGCAGCCTGGGGCTGAGCTTGTGAAGCCTGGGGCTCCAGTGAAGCTGTCCTGCAAGGCTTCTGGCTACACCTTCACCAGCTACTGGATGAACTGGGTGAAGCAGAGGCCTGGACGAGGCCTCGAGTGGATTGGAAGGATTGATCCTTCCGATAGTGAAACTCACTACAATCAAAAGTTCAAGGACAAGGCCACACTGACTGTAGACAAATCCTCCAGCACAGCCTACATCCAACTCAGC,
155,IGHV1S73*01,CAGGTCCAACTCCAGCAGCCTGGGGCTGAGCTGGTGAAGCCTGGGGCTTCAGTGAAGTTGTCCTGCAAGGCTTCTGGCTACACCTTCACCAGCTACTGGATGCACTGGGTGAAGCAGAGGCCTGGACAAGGCTTTGAGTGGATTGGAAGGATTCATCCTAGCAATGGTGGTACTAACTACAATGAGAAGTTCAAGAGCAAGGCCACACTGACTGTAGACACATCCTCCAGCACAGCCTACATGCACCTCAGC,
156,IGHV1S75*01,CAGGTCCAACTGCAGCAGCCTGGGGCTGAGCTTGTGAAGCCTGGGGCTTCAGTGAAAATGTCCTGCAAGGCTTCTGGCTACACCTTCACCAGCTACTGGATAAACTGGGTGAAGCAGAGGCCTGGACAAGGCCTTGAGTGGATTGGAGATATTTATCCTGGTAGAGGTATTACTAACTACAATGAGAAGTTCAAGAGCAAGGCCACACTGACTCTAGACACATCCTCCAGCACAGCCTACATGCAGCTCAGC,
157,IGHV1S75*02,CAGGTCCAACTGCAGCAGCCTGGGGCTGAGCTTGTGAAGCCTGGGGCTTCAGTGAAAATGTCCTGCAAGGCTTCTGGCTACACCTTCACCAGCTACTGGATAAACTGGGTGAAGCAGAGGCCTGGACAAGGCCTTGAGTGGATTGGAGATATTTATCCTGGTACAGGTATTACTAACTACAATGAGAAGTTCAAGAGCAAGGCCACACTGACTCTAGACACATCCTCCAGCACAGCCTACATGCAGCTCAGC,
158,IGHV1S78*01,CAGGTCCAACTGCAGCAGCCTGGGGCTGAGCTTGTGATGCCTGGGGCTTCAGTGAAGATGTCCTGCAAGGCTTCTGGCTACACATTCACTGACTACTGGATGCACTGGGTGAAGCAGAGGCCTGGACAAGGCCTTGAGTGGATCGGAACGATTGATACTTCTGATAGTTATACTAGCTACAATCAAAAGTTCAAGGGCAAGGCCACATTGACTGTAGACGAATCCTCCAGCACAGCCTACATGCAGCTCAGC,
159,IGHV1S81*01,CAGGTCCAACTGCAGCAGCCTGGGGCTGAACTGGTGAAGCCTGGGGCTTCAGTGAAGCTGTCCTGCAAGGCTTCTGGCTACACCTTCACCAGCTACTGGATGCACTGGGTGAAGCAGAGGCCTGGACAAGGCCTTGAGTGGATTGGAGAGATTAATCCTAGCAATGGTCGTACTAACTACAATGAGAAGTTCAAGAGCAAGGCCACACTGACTGTAGACAAATCCTCCAGCACAGCCTACATGCAACTCAGC,
160,IGHV1S81*02,CAGGTCCAACTGCAGCAGCCTGGGGCTGAACTGGTGAAGCCTGGGGCTTCAGTGAAGCTGTCCTGCAAGGCTTCTGGCTACACCTTCACCAGCTACTGGATGCACTGGGTGAAGCAGAGGCCTGGACAAGGCCTTGAGTGGATTGGAGAGATTAATCCTAGCAACGGTCGTACTAACTACAATGAGAAGTTCAAGAGCAAGGCCACACTGACTGTAGACAAATCCTCCAGCACAGCCTACATGCAACTCAGCAGCCCGACATCTGAGGACTCTGCGGTCTATTACTGTGCAAGA,
161,IGHV1S82*01,CAGGTCCAACTGCAGCAGCCTGGGGCTGAGCTGGTGAGGCCTGGAGCTTCAGTGAAGCTGTCCTGCAAGGCTTCTGGCTACTCCTTCACCAGCTACTGGATGAACTGGGTGAAGCAGAGGCCTGGACAAGGCCTTGAGTGGATTGGCATGATTCATCCTTCCGATAGTGAAACTAGGTTAAATCAGAAGTTCAAGGACAAGGCCACATTGACTGTAGACAAATCCTCCAGCACAGCCTACATGCAACTCAGC,
162,IGHV1S83*01,CAGGTCCAACTGCAGCAGCCTGGGTCTGAGCTTGTGAGGCCTGGAGCTTCAGTGAAGCTGTCCTGCAAGGCTTCTGGCTACACCTTCACCAGCTCCTGGATGCACTGGGCGAAGCAGAGGCCTGGACAAGGCCTTGAGTGGATTGGAAGAATTGATCCTAATAGTGGTAATACTAACTACAATGAGAAGTTCAAGGGCAAGGCCACACTGACTGTAGACACATCCTCCAGCACAGCCTACGTGGATCTCAGC,
163,IGHV1S87*01,CAGGTCCAACTGCAGCAGCCTGGGACTGAACTGGTGAAGCCTGGGGCTTCAGTGAAGCTGTCCTGCAAGGCTTCTGGCTACACCTTCACCAGCTACTGGATGCACTGGGTGAAGCAGAGGCCTGGAGAAGGCCTTGAGTGGATTGGAAATATTTATCCTGGTAGTAGTAGTACTAACTACAATGAGAAGTTCAAGAGCAAGGCCACACTGACTGTAGACACATCCTCCAGCACAGCCTACATGCAGCTCAGC,
164,IGHV1S92*01,CAGGTCCAACTGCAGCAGCCTGGGGCTGAGCTGGTAAAGCCTGGGGCTTCAGTGAAGTTGTCCTGCAAGGCTTCTGGCTACACTTTCACCAGCTACTGGATGCACTGGGTAAAGCAGAGGCCTGGACAAGGCCTTGAGTGGATTGGAATGATTCATCCTAATAGTGGTAGTACTAACTACAATGAGAAGTTCAAGAGCAAGGCCACACTGACTGTAGACAAATCCTCCAGCTCAGCCTACATGAAGCTCATC,
165,IGHV1S95*01,CAGGTCCAACTGCAGCAGCCTGGGGCTGAGCTTGTGAAGCCTGGGGCTTCAGTGAAGCTGTCCTGCAAGGCTTCTGGCTACACCTTCACCAGCTACTGGATGCACTGGGTGAAGCAGAGGCCTGGACAAGGCCTTGAGTGGATTGGAAGGATTGATCCTGGTAGTAGTAGTACTAACTACAATGAGAAGTTCAAGAGCAAGGCCACACTGACTGTAGACACATCCTCCAGCACAGCCTACATGCAGCTCATC,
166,IGHV1S96*01,CAGGTCCAACTGCAGCAGCCTGGGGCTGAGCTTGTGAAGCCTGGGGCTTCAGTGAAGCTGTCCTGCAAGGCTTCTGGCTACACCTTCACCAGCTACTGGATGCACTGGGTGAAGCAGAGGCCTGGACGAGGCCTTGAGTGGATTGGAAGGATTGATCCTTATAGTGATATTAAGTACAGTGAGAAGTTCAAGAACAAGGCCACACTGACTGTAGACAAACCCTCCAATACAGCCTACATGCAGCTCAGC,
167,IGHV2-2*01,CAGGTGCAGCTGAAGCAGTCAGGACCTGGCCTAGTGCAGCCCTCACAGAGCCTGTCCATCACCTGCACAGTCTCTGGTTTCTCATTAACTAGCTATGGTGTACACTGGGTTCGCCAGTCTCCAGGAAAGGGTCTGGAGTGGCTGGGAGTGATATGGAGTGGTGGAAGCACAGACTATAATGCAGCTTTCATATCCAGACTGAGCATCAGCAAGGACAATTCCAAGAGCCAAGTTTTCTTTAAAATGAACAGTCTGCAAGCTGATGACACAGCCATATATTACTGTGCCAGAAA,
168,IGHV2-2*02,CAGGTGCAGCTGAAGCAGTCAGGACCTGGCCTAGTGCAGCCCTCACAGAGCCTGTCCATCACCTGCACAGTCTCTGGTTTCTCATTAACTAGCTATGGTGTACACTGGGTTCGCCAGTCTCCAGGAAAGGGTCTGGAGTGGCTGGGAGTGATATGGAGTGGTGGAAGCACAGACTATAATGCAGCTTTCATATCCAGACTGAGCATCAGCAAGGACAATTCCAAGAGCCAAGTTTTCTTTAAAATGAACAGTCTGCAAGCTAATGACACAGCCATATATTACTGTGCCAGAAA,
169,IGHV2-2*03,CAGGTGCAGCTGAAGCAGTCAGGACCTGGCCTAGTGCAGCCCTCACAGAGCCTGTCCATCACCTGCACAGTCTCTGGTTTCTCATTAACTAGCTATGGTGTACACTGGGTTCGCCAGTCTCCAGGAAAGGGTCTGGAGTGGCTGGGAGTGATATGGAGTGGTGGAAGCACAGACTATAATGCAGCTTTCATATCCAGACTGAGCATCAGCAAGGACAATTCCAAGAGCCAAGTTTTCTTTAAAATGAACAGTCTGCAATCTAATGACACAGCCATATATTACTGTGCCAGAAA,
170,IGHV2-2-2*01,CAGGTGCAGATGAAGCAGTCAGGACCTGGCCTAGTGCAGCCCTCACAGAGCCTGTCCATCACCTGCACAGTCTCTGGTTTCTCATTAACTAGCTATGGTGTACACTGGGTTCGCCAGTCTCCAGGAAAGGGTCTGGAGTGGCTGGGAGTGATATGGAGTGGTGGAAGCACAGACTATAATGCAGCTTTCATATCCAGACTGAGCATCAGCAAGGACAATTCCAAGAGCCAAGTTTTCTTTAAAATGAACAGTCTGCAAGCTGATGACACAGCCATATACTACTGTGTCAGAAA,
171,IGHV2-3*01,CAGGTGCAGCTGAAGGAGTCAGGACCTGGCCTGGTGGCGCCCTCACAGAGCCTGTCCATCACATGCACTGTCTCAGGGTTCTCATTAACCAGCTATGGTGTAAGCTGGGTTCGCCAGCCTCCAGGAAAGGGTCTGGAGTGGCTGGGAGTAATATGGGGTGACGGGAGCACAAATTATCATTCAGCTCTCATATCCAGACTGAGCATCAGCAAGGATAACTCCAAGAGCCAAGTTTTCTTAAAACTGAACAGTCTGCAAACTGATGACACAGCCACGTACTACTGTGCCAAACC,
172,IGHV2-3-1*01,CAGGTGCAGCTGAAGGAGTCAGGACCTGGCCTAGTGCAGCCCTCACAGAGCCTGTCCATCACCTGCACAGTCTCTGGATTCTCATTAACTAGCTATGGTGTACACTGGGTTCGCCAGTCTCCAGGAAAGGGTCTGGAGTGGCTGGGAGTGATATGGAGTGGTGGAAGCACAGACTACAATGCACCTTTCATATCCAGACTGAGCATCAGCAAGGACAACTCCAAGAGCCAAATTTTCTTTAAAATGAACAGTCTGCAAGCTGATGACACTGCCATATACTACTGTGCCAGAAA,
173,IGHV2-4*01,CAGGTGCAGCTGAAGCAGTCAGGACCTGGCCTAGTGCAGCCCTCACAGAGCCTGTCCATCACCTGCACAGTCTCTGGTTTCTCATTAACTAGCTATGGTGTACACTGGGTTCGCCAGCCTCCAGGAAAGGGTCTGGAGTGGCTGGGAGTGATATGGAGTGGTGGAAGCACAGACTATAATGCTGCTTTCATATCCAGACTGAGCATCAGCAAGGACAACTCCAAGAGCCAAGTTTTCTTTAAAATGAACAGTCTGCAAGCTGATGACACTGCCATATACTACTGTGCCAAAAA,
174,IGHV2-4*02,CAGGTGCAGCTGAAGCAGTCAGGACCTGGCCTAGTGCAGCCCTCACAGAGCCTGTCCATCACCTGCACAGTCTCTGGTTTCTCATTAACTAGCTATGGTGTACACTGGGTTCGCCAGCCTCCAGGAAAGGGTCTGGAGTGGCTGGGAGTGATATGGAGTGGTGGAAGCACAGACTATAATGCTGCTTTCATATCCAGACTGAGCATCAGCAAGGACAACTCCAAGAGCCAAGTTTTCTTTAAAATGAACAGTCTGCAAGCTGATGACACAGCCATATACTACTGTGCCAGAAA,
175,IGHV2-4-1*01,CAGGTGCAGCTGAAGCAGTCAGGACCTGGCCTAGTGCAGCCCTCACAGAGCCTGTCCATCACCTGCACAGTCTCTGGTTTCTCATTAACTAGCTATGGTGTACACTGGGTTCGCCAGTCTCCAGGAAAGGGTCTGGAGTGGCTGGGAGTGATATGGAGTGGTGGAAGCACAGACTATAATGCAGCTTTCATATCCAGACTGAGCATCAGCAAGGACAACTCCAAGAGCCAAGTTTTCTTTAAAATGAACAGTCTGCAAGCTGATGACACAGCCATATACTACTGTGCCAGAAA,
176,IGHV2-5*01,CAGGTGCAGCTGAAGCAGTCAGGACCTGGCCTAGTGCAGCCCTCACAGAGCCTGTCCATAACCTGCACAGTCTCTGGTTTCTCATTAACTAGCTATGGTGTACACTGGGTTCGCCAGTCTCCAGGAAAGGGTCTGGAGTGGCTGGGAGTGATATGGAGAGGTGGAAGCACAGACTACAATGCAGCTTTCATGTCCAGACTGAGCATCACCAAGGACAACTCCAAGAGCCAAGTTTTCTTTAAAATGAACAGTCTGCAAGCTGATGACACTGCCATATACTACTGTGCCAAAAA,
177,IGHV2-5-1*01,CAGGTGCAGCTGAAGCAGTCAGGACCTAGCCTAGTGCAGCCCTCACAGAGCCTGTCCATAACCTGCACAGTCTCTGGTTTCTCATTAACTAGCTATGGTGTACACTGGGTTCGCCAGTCTCCAGGAAAGGGTCTGGAGTGGCTGGGAGTGATATGGAGAGGTGGAAGCACAGACTACAATGCAGCTTTCATGTCCAGACTGAGCATCACCAAGGACAACTCCAAGAGCCAAGTTTTCTTTAAAATGAACAGTCTGCAAGCTGATGACACTGCCATATACTACTGTGCCAAAAA,
178,IGHV2-6*01,CAGGTGCAGCTGAAGGAGTCAGGACCTGGCCTGGTGGCGCCCTCACAGAGCCTGTCCATCACATGCACTGTCTCTGGGTTCTCATTAACCAGCTATGGTGTAGACTGGGTTCGCCAGTCTCCAGGAAAGGGTCTGGAGTGGCTGGGAGTAATATGGGGTGTTGGAAGCACAAATTATAATTCAGCTCTCAAATCCAGACTGAGCATCAGCAAGGACAACTCCAAGAGCCAAGTTTTCTTAAAAATGAACAGTCTGCAAACTGATGACACAGCCATGTACTACTGTGCCAGTGA,
179,IGHV2-6*02,CAGGTGCAGCTGAAGGAGTCAGGACCTGGCCTGGTGGCGCCCTCACAGAGCCTGTCCATCACATGCACCGTCTCAGGGTTCTCATTAACTAGCTATGGTGTACACTGGGTTCGCCAGCCTCCAGGAAAGGGTCTGGAGTGGCTGGTAGTGATATGGAGTGATGGAAGCACAACCTATAATTCAGCTCTCAAATCCAGACTGAGCATCAGCAAGGACAACTCCAAGAGCCAAGTTTTCTTAAAAATGAACAGTCTCCAAACTGATGACACAGCCATGTACTACTGTGCCAGAAA,
180,IGHV2-6*03,CAGGTGCAGCTGAAGGAGTCAGGACCTGGCCTGGTGGCGCCCTCACAGAGCCTGTCCATCACATGCACCGTCTCAGGGTTCTCATTAACCAGCTATGGTGTACACTGGGTTCGCCAGCCTCCAGGAAAGGGTCTGGAGTGGCTGGTAGTGATATGGAGTGATGGAAGCACAACCTATAATTCAGCTCTCAAATCCAGACTGAGCATCAGCAAGGACAACTCCAAGAGCCAAGTTTTCTTAAAAATGAACAGTCTCCAAACTGATGACACAGCCATGTACTACTGTGCCAGA,
181,IGHV2-6-1*01,CAGGTGCAGCTGAAGGAGTCAGGACCTGGCCTGGTGGCGCCCTCACAGAGCCTGTCCATCACATGCACCATCTCAGGGTTCTCATTAACCAGCTATGGTGTACACTGGGTTCGCCAGCCTCCAGGAAAGGGTCTGGAGTGGCTGGTAGTGATATGGAGTGATGGAAGCACAACCTATAATTCAGCTCTCAAATCCAGACTGAGCATCAGCAAGGACAACTCCAAGAGCCAAGTTTTCTTAAAAATGAACAGTCTCCAAACTGATGACACAGCCATGTACTACTGTGCCAGACA,
182,IGHV2-6-2*01,CAGGTGCAGCTGAAGGAGTCAGGACCTGACCTGGTGGCGCCCTCACAGAGCCTGTCCATCACATGCACCGTCTCAGGGTTCTCATTAACCAGCTATGGTGTACACTGGGTTCGCCAGCCTCCAGGAAAGGGTCTGGAGTGGCTGGTAGTGATATGGAGTGATGGAAGCACAACCTATAATTCAGCTCTCAAATCCAGACTGAGCATCAGCAAGGACAACTCCAAGAGCCAAGTTTTCTTAAAAATGAACAGTCTCCAAACTGATGACACAGCCATGTACTACTGTGCCAGACA,
183,IGHV2-6-3*01,CAGGTGCAGAATAAGTCAGGACCTGGCCTGGTGGAGCCCTCACAGAGCCTTTCCATCACATGCACTGTCTATTGGTTCTCGTTAACCAGCTATGGTGTAAGCTGGGTTCGCCAGCCTCCAGGAAAGGGTCTGAAGTGGCTGGGAGTAATATGGGCTGGTGGAAGCACAAATTATAATTCAGCTCTCATATCCAGACTGAGCATCAGCAAGGACAACTCCAAGAGCCAAGTTTTCTTAAAAATGAACAGTCTGCAAACTGATGACACAGCCATATACTACTGTGTAAGAGA,
184,IGHV2-6-4*01,CAGGTGCAGCTGAAGGAGTCAGGACCTGGCCTGGTGGCACCCTCACAGAGCCTGTCCATCACATGCACTGTCTCTGGGTTCTCATTATCCAGATATAGTGTACACTGGGTTCGCCAGCCTCCAGGAAAGGGTCTGGAGTGGCTGGGAATGATATGGGGTGGTGGAAGCACAGACTATAATTCAGCTCTCAAATCCAGACTGAGCATCAGCAAGGACAACTCCAAGAGCCAAGTTTTCTTAAAAATGAACAGTCTGCAAACTGATGACACAGCCATGTACTACTGTGCCAGAAA,
185,IGHV2-6-5*01,CAGGTGCAGCTGAAGGAGTCAGGACCTGGCCTGGTGGCGCCCTCACAGAGCCTGTCCATCACATGCACTGTCTCAGGGTTCTCATTAACCGACTATGGTGTAAGCTGGATTCGCCAGCCTCCAGGAAAGGGTCTGGAGTGGCTGGGAGTAATATGGGGTGGTGGAAGCACATACTATAATTCAGCTCTCAAATCCAGACTGAGCATCAGCAAGGACAACTCCAAGAGCCAAGTTTTCTTAAAAATGAACAGTCTGCAAACTGATGACACAGCCATGTACTACTGTGCCAAACA,
186,IGHV2-6-6*01,CAGGTGCAGCTGAAGGAGTCAGGACCTGGCCTCGTTGCGCCCTCACAGAGCCTGTCCATCACATGCACTGTCTCTGGTTTCTCATTAACCAACTCTGGTGTACACTGGGTTCGCCAGTCTCCAGGAAAGGGTCTGGAGTGGCTGGGAGTAATATGGGGTGATGGAAGCACAAATTATAATTCAGCTTTCAAATCCAGACTGAGCATCAGCAAGGACAATTCCAAGAGTCAAGTTTTCTTAAAAATGAACAGTCTGCAAACTGATGACACAGCCAGGTACTACTGTGCCAAACC,
187,IGHV2-6-7*01,CAGGTGCAGCTGAAGGAGTCAGGACCTGGCCTGGTGGCGCCCTCACAGAGCCTGTCCATCACATGCACCGTCTCAGGGTTCTCATTAACCGGCTATGGTGTAAACTGGGTTCGCCAGCCTCCAGGAAAGGGTCTGGAGTGGCTGGGAATGATATGGGGTGATGGAAGCACAGACTATAATTCAGCTCTCAAATCCAGACTGAGCATCAGCAAGGACAACTCCAAGAGCCAAGTTTTCTTAAAAATGAACAGTCTGCAAACTGATGACACAGCCAGGTACTACTGTGCCAGAGA,
188,IGHV2-6-7*02,CAGGTACAGCTGAAGGAGTCAGGACCTGGCCTGGTGGCGCCCTCACAGAGCCTGTCCATCACATGCACCGTCTCAGGGTTCTCATTAACCGGCTATGGTGTAAACTGGGTTCGCCAGCCTCCAGGAAAGGGTCTGGAGTGGCTGGGAATGATATGGGGTGATGGAAGCACAGACTATAATTCAGCTCTCAAATCCAGACTGAGCATCAGCAAGGACAACTCCAAGAGCCAAGTTTTCTTAAAAATGAACAGTCTGCAAACTGATGACACAGCCAGGTACTACTGTGCCAGAGA,
189,IGHV2-6-8*01,CAGGTGCAGCTGAAGGAGTCAGGACCTGGCCTGGTGGCGCCCTCACAGAGCCTGTCCATCACATGCACTGTCTCTGGGTTCTCATTAACCAGCTATGGTGTAGACTGGGTTCGCCAGTCTCCAGGAAAGGGTCTGGAGTGGCTGGGAGTAATATGGGGTGTTGGAAGCACAAATTATAATTCAGCTCTCAAATCCAGACTGAGCATCAGCAAGGACAACTCCAAGAGCCAAGTTTTCTTAAAAATGAACAGTCTGCAAACTGATGACACAGCCATGTACTACTGTGCCAGTGA,
190,IGHV2-7*01,CAAGTGCAGATGAAGGAGTCAGGACCTGACCTTGTGCAGCCATCACAGACTCTGTCTCTCACCTGCACTGTCTCTGGGTTCTCATTAAGTAGCTATGGTGTACATTGGTTTCGCAAGCCTCCGAGAAAGGGATTGGAATGGTTGGGAGGAATATGGTCTGGTGGAAGCATATACTATACTCCAGCTCTCAGTTCCCGACTGAGTGTCAGCAGGGACACCTCTAAGAGCCAAGTTTTCTTTAAAATGAGCAGTCTGCAAAGTGAAGACACGGCTGTGTACCACTGTGCCAGATA,
191,IGHV2-9*01,CAGGTGCAGCTGAAGGAGTCAGGACCTGGCCTGGTGGCGCCCTCACAGAGCCTGTCCATCACTTGCACTGTCTCTGGGTTTTCATTAACCAGCTATGGTGTAGACTGGGTTCGCCAGCCTCCAGGAAAGGGTCTGGAGTGGCTGGGAGTAATATGGGGTGGTGGAAGCACAAATTATAATTCAGCTCTCATGTCCAGACTGAGCATCAGCAAAGACAACTCCAAGAGCCAAGTTTTCTTAAAAATGAACAGTCTGCAAACTGATGACACAGCCATGTACTACTGTGCCAAACA,
192,IGHV2-9*02,CAGGTGCAGCTGAAGGAGTCAGGACCTGGCCTGGTGGCGCCCTCACAGAGCCTGTCCATCACTTGCACTGTCTCTGGGTTTTCATTAACCAGCTATGGTGTACACTGGGTTCGCCAGCCTCCAGGAAAGGGTCTGGAGTGGCTGGGAGTAATATGGGCTGGTGGAAGCACAAATTATAATTCGGCTCTCATGTCCAGACTGAGCATCAGCAAAGACAACTCCAAGAGCCAAGTTTTCTTAAAAATGAACAGTCTGCAAACTGATGACACAGCCATGTACTACTGTGCCAGAGA,
193,IGHV2-9-1*01,CAGGTGCAGCTGAAGGAGTCAGGACCTGGCCTGGTGGCGCCCTCACAGAGCCTGTCCATCACATGCACTGTCTCTGGGTTCTCATTAACCAGCTATGCTATAAGCTGGGTTCGCCAGCCACCAGGAAAGGGTCTGGAGTGGCTTGGAGTAATATGGACTGGTGGAGGCACAAATTATAATTCAGCTCTCAAATCCAGACTGAGCATCAGCAAAGACAACTCCAAGAGTCAAGTTTTCTTAAAAATGAACAGTCTGCAAACTGATGACACAGCCAGGTACTACTGTGCCAGAAA,
194,IGHV2-9-2*01,CAGGTGCAACTGAAGGAGTCAGGACCTGGCCTGGTGGCGCCCTCACAGAGCCTGTCCATTACCTGCACTGTCTCTGGGTTCTCATTAACCAGCTATGATATAAGCTGGATTCGCCAGCCACCAGGAAAGGGTCTGGAGTGGCTTGGAGTAATATGGACTGGTGGAGGCACAAATTATAATTCAGCTTTCATGTCCAGACTGAGCATCAGCAAGGACAACTCCAAGAGCCAAGTTTTCTTAAAAATGAACAGTCTGCAAACTGATGACACAGCCATATATTACTGTGTAAGAGA,
195,IGHV2S3*01,CAGGTGCAACTGAAGCAGTCAGGACCTGGCCTGGTGGCGCCCTCACAGAGCCTGTTCATCACATGCACCGTCTACGGGTTCTCATTAACCAGCTATGAAATAAACTGGGTTCGCCAGCCTCCAGGAAAGGGTCTGGAGTGGCTGGGAGTGATATGGACTGGTGGAAGCACAAATTATAATTCAGCTCTCATATCCAGACTGAGCATCAGCAAAGACAACTCCAAGAGCCTAGTTTTCTTAAAAATGAACAGTCTGCAAACTGATGACACAGCCATATATTACTGTGTAAGAGA,
196,IGHV3-1*01,GATGTGCAGCTTCAGGAGTCAGGACCTGGCATGGTGAAACCTTCTCAGTCACTTTCCCTCACCTGCACTGTCACTGGCTACTCCATCACCAGTGGTTATGACTGGCACTGGATCCGACATTTTCCAGGAAACAAACTGGAGTGGATGGGCTACATAAGCTACAGTGGTAGCACTAACTACAACCCATCCCTCAAAAGTCGAATCTCCATCACTCATGACACATCTAAGAACCATTTCTTCCTGAAGTTGAATTCTGTGACTACTGAGGACACAGCCACATATTACTGTGCAAGAGA,
197,IGHV3-1*02,GATGTGCAGCTTCAGGAGTCAGGACCTGACCTGGTGAAACCTTCTCAGTCACTTTCACTCACCTGCACTGTCACTGGCTACTCCATCACCAGTGGTTATAGCTGGCACTGGATCCGGCAGTTTCCAGGAAACAAACTGGAATGGATGGGCTACATACACTACAGTGGTAGCACTAACTACAACCCATCTCTCAAAAGTCGAATCTCTATCACTCGAGACACATCCAAGAACCAGTTCTTCCTGCAGTTGAATTCTGTGACTACTGAGGACACAGCCACATATTACTGTGCAAGA,
198,IGHV3-2*02,GATGTGCAGCTTCAGGAGTCGGGACCTGGCCTGGTGAAACCTTCTCAGTCTCTGTCCCTCACCTGCACTGTCACTGGCTACTCAATCACCAGTGATTATGCCTGGAACTGGATCCGGCAGTTTCCAGGAAACAAACTGGAGTGGATGGGCTACATAAGCTACAGTGGTAGCACTAGCTACAACCCATCTCTCAAAAGTCGAATCTCTATCACTCGAGACACATCCAAGAACCAGTTCTTCCTGCAGTTGAATTCTGTGACTACTGAGGACACAGCCACATATTACTGTGCAAGA,
199,IGHV3-3*01,GATGTGCAGCTTCAGGAGTCAGGACCTAGCCTGGTGAGACCTTCTCAGACACTCTCCCTTACCTGCACTGTTACTGGCTTCTCCATCAACAGTGATTGTTACTGGATCTGGATCCGGCAGTTTCCAGGAAACAAACTGGAGTACATCGGGTACACATTCTACAGTGGTATCACTTACTACAACCCATCTCTTGAAAGTCGAACGTACATAACGCGTGACACATCTAAGAACCAGTTCTCACTGAAGTTGAGTTCTGTGACTACTGAGGACACAGCCACTTACTACTGTGCGAGAGA,
200,IGHV3-4*01,GATGTACAGCTTCAGGAGTCAGGACCTGCCCTGGTGAAGCCTTCTCAGACAGTGTCCCTCACCTGCACTGTCACTGGCTACTCTATCACTAATGGTAATCACTGGTGGAACTGGATCCGGCAGGTTTCAGGAAGCAAACTGGAGTGGATAGGGTACATAAGCTCCAGTGGTAGCACTGACAGCAATCCATCTCTCAAAAGTCGAATCTCCATCACTAGAGACACTTCCAAGAACCAGTTATTCCTGCAGTTGAACTCTGTGACTACTGAAGATATAGCCACATATTACTGTGCAAGAGA,
201,IGHV3-4*02,GATGTACAGCTTCAGGAGTCAGGACCTGGCCTGGTGAAGCCTTCTCAGACAGTGTCCCTCACCTGCACTGTCACTGGCTACTCTATCACTAATGGTAATCACTGGTGGAACTGGATCCGGCAGGTTTCAGGAAACAAACTGGAGTGGATGGGGTACATAAGCTCCAGTGGTAGCACTGACAGCAATCCATCTCTCAAAAGTCAAATCTCCATCACTAGAGACACTTCCAAGAACCAGTTATTCCTGCAGTTGAACTCTGTGACTATTGAAGATATAGCCACATATTACTGTGCAAGAGA,
202,IGHV3-5*01,GATGTGCAGCTTCAGGAGTCAGGACCTGGCCTGGTGAAACCTTCTCAGACAGTGTTCCTCACCTGCACTGTCACTGGCATTTCCATCACCACTGGAAATTACAGGTGGAGCTGGATCCGGCAGTTTCCAGGAAACAAACTGGAGTGGATAGGGTACATATACTACAGTGGTACCATTACCTACAATCCATCTCTCACAAGTCGAACCACCATCACTAGAGACACTCCCAAGAACCAGTTCTTCCTGGAAATGAACTCTTTGACTGCTGAGGACACAGCCACATACTACTGTGCACGAGA,
203,IGHV3-5*02,GATGTGCAGCTTCAGGAGTCAGGACCTGGTCTGGTGAAACCTTCTCAGACAGTGTCCCTCACCTGCACTGTCACTGGCATCTCCATCACCACTGGAAATTACAGATGGAGCTGGATCCGGCAGTTTCCAGGAAACAAACTGGAGTGGATAGGGTACATATACTACAGTGGTACCATTACCTACAATCCATCTCTCACAAGTCGAACCACCATCACTAGAGACACTTCCAAGAACCAATTCTTCCTGGAAATGAACTCTTTGACTGCTGAAGACACAGCCACATACTACTGTGCACGAGA,
204,IGHV3-6*01,GATGTACAGCTTCAGGAGTCAGGACCTGGCCTCGTGAAACCTTCTCAGTCTCTGTCTCTCACCTGCTCTGTCACTGGCTACTCCATCACCAGTGGTTATTACTGGAACTGGATCCGGCAGTTTCCAGGAAACAAACTGGAATGGATGGGCTACATAAGCTACGATGGTAGCAATAACTACAACCCATCTCTCAAAAATCGAATCTCCATCACTCGTGACACATCTAAGAACCAGTTTTTCCTGAAGTTGAATTCTGTGACTACTGAGGACACAGCCACATATTACTGTGCAAGAGA,
205,IGHV3-6*02,GATGTACAGCTTCAGGAGTCAGGACCTGGCCTCGTGAAACCTTCTCAGTCTCTGTCTCTCACCTGCTCTGTCACTGGCTACTCCATCACCAGTGGTTATTACTGGAACTGGATCCGGCAGTTTCCAGGAAACAAACTGGAATGGATGGGCTACATAAGCTACGACGGTAGCAATAACTACAACCCATCTCTCAAAAATCGAATCTCCATCACTCGTGACACATCTAAGAACCAGTTTTTCCTGAAGTTGAATTCTGTGACTACTGAGGACACAGCTACATATTACTGTGCAAGAGA,
206,IGHV3-6*03,GATGTACAGCTTCAGGAGTCAGGACCTGGCCTCGTGAAACCTTCTCAGTCTCTGTCTCTCACCTGCTCTGTCACTGGCTACTCCATCACCAGTGGTTATTACTGGAACTGGATCCGGCAGTTTCCAGGAAACAAACTGGAATGGATGGGCCAGATAAGCTACGACGGTAGCAATAACTACAACCCATCTCTCAAAAATCGAATCTCCATCACTCGTGACACATCTAAGAACCAGTTTTTCTTGAAGTTGAATTCTGTGACTACTGAGGACACAGCTACATATTACTGTGCACGA,
207,IGHV3-8*01,GAGGTGCAGCTTCAGGAGTCAGGACCTGGCCTGGCAAAACCTTCTCAGACTCTGTCCCTCACCTGTTCTGTCACTGGCTACTCCATCACCAGTGATTACTGGAACTGGATCCGGAAATTCCCAGGGAATAAACTTGAGTACATGGGGTACATAAGCTACAGTGGTAGCACTTACTACAATCCATCTCTCAAAAGTCGAATCTCCATAACTCGAGACACATCCAAGAACCAGTATTACCTGCAGTTGAATTCTGTGACTACTGAGGACACAGCCACATATTACTGTGCAAGATA,
208,IGHV3-8*02,GAGGTGCAGCTTCAGGAGTCAGGACCTAGCCTCGTGAAACCTTCTCAGACTCTGTCCCTCACCTGTTCTGTCACTGGCGACTCCATCACCAGTGGTTACTGGAACTGGATCCGGAAATTCCCAGGGAATAAACTTGAGTACATGGGGTACATAAGCTACAGTGGTAGCACTTACTACAATCCATCTCTCAAAAGTCGAATCTCCATCACTCGAGACACATCCAAGAACCAGTACTACCTGCAGTTGAATTCTGTGACTACTGAGGACACAGCCACATATTACTGTGCAAGATA,
209,IGHV3S1*01,GAGGTGCAGCTTCAGGAGTCAGGACCTAGCCTCGTGAAACCTTCGCAGACTCTGTCCCTCACCTGTTCTGTCACTGGCGACTCCATCACCAGTGATTACTGGAACTGGATCCGGAAATTCCCAGGGAATAAACTTGAGTACATGGGGTACATAAGCTACAGTGGTAGCACTTACTACAATCCATCTCTCAAAAGTCGAATCTCCATCACTCGAGACACATCCAAGAACCAGTACTACCTGCAGTTGAATTCTGTGACTTCTGAGGACACAGCCACATATTACTGTGCAAGATA,
210,IGHV3S1*02,GAGGTGCAGCTTCAGGAGTCAGGACCTAGCCTCGTGAAACCTTCGCAGACTCTGTCCCTCACCTGTTCTGTCACTGGCGACTCCATCACCAGTGGTTACTGGAACTGGATCCGGAAATTCCCAGGGAATAAACTTGAGTACATGGGGTACATAAGCTACAGTGGTAGCACTTACTACAATCCATCTCTCAAAAGTCGAATCTCCATCACTCGAGACACATCCAAGAACCAGTACTACCTGCAGTTGAATTCTGTGACTACTGAGGACACACCCACATATTACTGTGCAAGATA,
211,IGHV3S7*01,GAGGTGCAGCTTCAGGAGTCAGGACCTGGCCTGGCAAAACCTTCTCAGACTCTGTCCCTCACCTGTTCTGCTACTGGCTACTCCATCACCAGTGATTACTGGAACTGGATCCGGAAATTCCCAGGGAATAAACTTGAGTACATGGGGTTCATAAGCGGAAGTGGTAGCACTTACTACAATCCATCTCTCAAAAGTCGAATCTCCATAACTCGAGACACATCCAAGAACCAGTATTACCTACAGTTGAATTCTGTGACTACTGAGGACGCAGCCACATATTACTGTGCAAGAGG,
212,IGHV4-1*01,GAGGTGAAGCTTCTCCAGTCTGGAGGTGGCCTGGTGCAGCCTGGAGGATCCCTGAAACTCTCCTGTGCAGCCTCAGGAATCGATTTTAGTAGATACTGGATGAGTTGGGTTCGGCGGGCTCCAGGGAAAGGACTAGAATGGATTGGAGAAATTAATCCAGATAGCAGTACAATAAACTATGCACCATCTCTAAAGGATAAATTCATCATCTCCAGAGACAACGCCAAAAATACGCTGTACCTGCAAATGAGCAAAGTGAGATCTGAGGACACAGCCCTTTATTACTGTGCAAGACC,
213,IGHV4-1*02,GAGGTGAAGCTTCTCGAGTCTGGAGGTGGCCTGGTGCAGCCTGGAGGATCCCTGAAACTCTCCTGTGCAGCCTCAGGATTCGATTTTAGTAGATACTGGATGAGTTGGGTCCGGCAGGCTCCAGGGAAAGGGCTAGAATGGATTGGAGAAATTAATCCAGATAGCAGTACGATAAACTATACGCCATCTCTAAAGGATAAATTCATCATCTCCAGAGACAACGCCAAAAATACGCTGTACCTGCAAATGAGCAAAGTGAGATCTGAGGACACAGCCCTTTATTACTGTGCAAGACC,
214,IGHV4-2*02,GAGGTGAAGCTTCTCGAGTCTGGAGGTGGCCTGGTGCAGCCTGGAGGATCCCTGAATCTCTCCTGTGCAGCCTCAGGATTCGATTTTAGTAGATACTGGATGAGTTGGGCTCGGCAGGCTCCAGGGAAAGGGCAGGAATGGATTGGAGAAATTAATCCAGGAAGCAGTACGATAAACTATACGCCATCTCTAAAGGATAAATTCATCATCTCCAGAGACAACGCCAAAAATACGCTGTACCTGCAAATGAGCAAAGTGAGATCTGAGGACACAGCCCTTTATTACTGTGCAAGACT,
215,IGHV5-12*01,GAAGTGAAGCTGGTGGAGTCTGGGGGAGGCTTAGTGCAGCCTGGAGGGTCCCTGAAACTCTCCTGTGCAGCCTCTGGATTCACTTTCAGTGACTATTACATGTATTGGGTTCGCCAGACTCCAGAGAAGAGGCTGGAGTGGGTCGCATACATTAGTAATGGTGGTGGTAGCACCTATTATCCAGACACTGTAAAGGGCCGATTCACCATCTCCAGAGACAATGCCAAGAACACCCTGTACCTGCAAATGAGCCGTCTGAAGTCTGAGGACACAGCCATGTATTACTGTGCAAGACA,
216,IGHV5-12*02,GAAGTGAAGCTGGTGGAGTCTGGGGGAGGCTTAGTGCAGCCTGGAGGGTCCCTGAAACTCTCCTGTGCAACCTCTGGATTCACTTTCAGTGACTATTACATGTATTGGGTTCGCCAGACTCCAGAGAAGAGGCTGGAGTGGGTCGCATACATTAGTAATGGTGGTGGTAGCACCTATTATCCAGACACTGTAAAGGGCCGATTCACCATCTCCAGAGACAATGCCAAGAACACCCTGTACCTGCAAATGAGCCGTCTGAAGTCTGAGGACACAGCCATGTATTACTGTGCAAGACA,
217,IGHV5-12*03,GAAGTGAAGCTGGTGGAGTCTGGGGGAGGCTTAGTGCAGCCTGGAGGGTCCCTGAAACTCTCCTGTGCAGCCTCTGGATTCACTTTCAGTGACTATTACATGTATTGGGTTCGCCAGACTCCAGAGAAGAGACTGGAGTGGGTCGCATACATTAGTAATGGTGGTGGTAGCACCTATTATCCAGACACTGTAAAGGGCCGATTCACCATCTCCAGAGACAATGCCAAGAACACCCTGTACCTGGAAATGAGCAGTCTGAGGTCTGAGGACACGGCCATGTATTACTGTGCAAGACGA,
218,IGHV5-12-1*01,GAAGTGCAGCTGGTGGAGTCTGGGGGAGGCTTAGTGAAGCCTGGAGGGTCCCTGAAACTCTCCTGTGCAGCCTCTGGATTCGCTTTCAGTAGCTATGACATGTCTTGGGTTCGCCAGACTCCGGAGAAGAGGCTGGAGTGGGTCGCATACATTAGTAGTGGTGGTGGTAGCACCTACTATCCAGACACTGTGAAGGGCCGATTCACCATCTCCAGAGACAATGCCAAGAACACCCTGTACCTGCAAATGAGCAGTCTGAAGTCTGAGGACACAGCCATGTATTACTGTGCAAGACA,
219,IGHV5-12-2*01,GAAGTGAAGCTGGTGGAGTCTGGGGGAGGTTTAGTGCAGCCTGGAGGGTCCCTGAAACTCTCCTGTGCAGCCTCTGGATTCACTTTCAGTAGCTATACCATGTCTTGGGTTCGCCAGACTCCAGAGAAGAGGCTGGAGTGGGTCGCATACATTAGTAATGGTGGTGGTAGCACCTACTATCCAGACACTGTAAAGGGCCGATTCACCATCTCCAGAGACAATGCCAAGAACACCCTGTACCTGCAAATGAGCAGTCTGAAGTCTGAGGACACGGCCATGTATTACTGTGCAAGACA,
220,IGHV5-12-4*01,GAAGTGAAGCTCGTGGAGTCTGGGGGAGGTTTAGTGAAGCCTGGACAGTCCCTGAAACTCTCCTGTGCAGCCTCTGGATTCACTTTCAGTAACTATTACATGTCTTGGGTTCACCAGACTCCGGAGAAGAGGCTGGAGTGGGTTGCATACATTAGTAGTAGTGGTGTTAGCACCTATTATCCAGACAATGTAAAGGGCCGATTCGCCATCTCCAGAGACAATGCCAAGAACACCCTTTACCTGCAAATGACCAGTCTGAAGTCAGAGGACACGGCCTTGTATTACTGTGCAAGA,
221,IGHV5-15*01,GAGGTGAAGCTGGTGGAGTCTGGGGGAGGCTTAGTGCAGCCTGGAGGGTCCCTGAAACTCTCCTGTGCAGCCTCTGGATTCACTTTCAGTGACTACGGAATGGCGTGGGTTCGACAGGCTCCAAGGAAGGGGCCTGAGTGGGTAGCATTCATTAGTAATTTGGCATATAGTATCTACTATGCAGACACTGTGACGGGCCGATTCACCATCTCTAGAGAGAATGCCAAGAACACCCTGTACCTGGAAATGAGCAGTCTGAGGTCTGAGGACACGGCCATGTATTACTGTGCAAGACA,
222,IGHV5-15*02,GAGGTGAAGCTGGTGGAGTCTGGGGGAGGCTTAGTGCAGCCTGGAGGGTCCCGGAAACTCTCCTGTGCAGCCTCTGGATTCACTTTCAGTGACTACGGAATGGCGTGGGTTCGACAGGCTCCAGGGAAGGGGCCTGAGTGGGTAGCATTCATTAGTAATTTGGCATATAGTATCTACTATGCAGACACTGTGACGGGCCGATTCACCATCTCTAGAGAGAATGCCAAGAACACCCTGTACCTGGAAATGAGCAGTCTGAGGTCTGAGGACACAGCCATGTACTACTGTGCAAGGGA,
223,IGHV5-15*04,GAAGTGAAGCTGGTGGAGTCTGGGGGAGGCTTAGTGCAGCCTGGAGGGTCCCTGAAACTCTCCTGTGCAGCCTCTGGATTCACTTTCAGTGACTACGGAATGGCGTGGGTTCGACAGGCTCCAAGGAAGGGGCCTGAGTGGGTAGCATTCATTAGTAATTTGGCATATAGTATCTACTATGCAGACACTGTGACGGGCCGATTCACCATCTCTAGAGAGAATGCCAAGAACACCCTGTACCTGGAAATGAGCAGTCTGAGGTCTGAGGACACGGCCATGTATTACTGTGCAAGACGA,
224,IGHV5-15*05,GAGGTGAAGCTGGTGGAGTCTGGGGGAGCCTTAGTGCAGCCTGGAGGGTCCCTGAAACTCTCCTGTGCAGCCTCTGGATTCACTTTCAGTGACTACGGAATGGCGTGGGTTCGACAGGCTCCAAGGAAGGGGCCTGAGTGGGTAGCATTCATTAGTAATTTGGCATATAGTATCTACTATGCAGACACTGTGACGGGCCGATTCACCATCTCTAGAGAGAATGCCAAGAACACCCTGTACCTGGAAATGAGCAGTCTGAGGTCTGAGGACACGGCCATGTATTACTGTGCAAGACA,
225,IGHV5-16*01,GAAGTGAAGCTGGTGGAGTCTGAGGGAGGCTTAGTGCAGCCTGGAAGTTCCATGAAACTCTCCTGCACAGCCTCTGGATTCACTTTCAGTGACTATTACATGGCTTGGGTCCGCCAGGTTCCAGAAAAGGGTCTAGAATGGGTTGCAAACATTAATTATGATGGTAGTAGCACCTACTATCTGGACTCCTTGAAGAGCCGTTTCATCATCTCGAGAGACAATGCAAAGAACATTCTATACCTGCAAATGAGCAGTCTGAAGTCTGAGGACACAGCCACGTATTACTGTGCAAGAGA,
226,IGHV5-16*02,GAAGTGAAGCTGGTGGAGTCTGAGGGAGGCTTAGTGCAGCCTGGAAGTTCCATGAAACTCTCCTGCACAGCCTCTGGATTCACTTTCAGTGACTATTACATGGCTTGGGTCCGCCAGGTTCCAGAAAAGGGTCTAGAATGGGTTGCAAACATTAATTATGATGGTAGTAGCACCTACTATCTGGACTCCTTGAAGAGCCGTTTCATCATCTCGAGAGACAATGCAAAGAACATTCTATACCTGCAAATGAGCAGTCTGAAGTCTGAGGACACAGCCATGTATTACTGTGCAAGACGA,
227,IGHV5-17*01,GAGGTGCAGCTGGTGGAGTCTGGGGGAGGCTTAGTGAAGCCTGGAGGGTCCCTGAAACTCTCCTGTGCAGCCTCTGGATTCACTTTCAGTGACTATGGAATGCACTGGGTTCGTCAGGCTCCAGAGAAGGGGCTGGAGTGGGTTGCATACATTAGTAGTGGCAGTAGTACCATCTACTATGCAGACACAGTGAAGGGCCGATTCACCATCTCCAGAGACAATGCCAAGAACACCCTGTTCCTGCAAATGACCAGTCTGAGGTCTGAGGACACGGCCATGTATTACTGTGCAAGG,
228,IGHV5-17*02,GATGTGCAGCTGGTGGAGTCTGGGGGAGGCTTAGTGCAGCCTGGAGGGTCCCGGAAACTCTCCTGTGCAGCCTCTGGATTCACTTTCAGTAGCTTTGGAATGCACTGGGTTCGTCAGGCTCCAGAGAAGGGGCTGGAGTGGGTCGCATACATTAGTAGTGGCAGTAGTACCATCTACTATGCAGACACAGTGAAGGGCCGATTCACCATCTCCAGAGACAATCCCAAGAACACCCTGTTCCTGCAAATGACCAGTCTAAGGTCTGAGGACACGGCCATGTATTACTGTGCAAGA,
229,IGHV5-17*03,GAAGTGAAGCTGGTGGAGTCTGGGGGAGGCTTAGTGAAGCCTGGAGGGTCCCTGAAACTCTCCTGTGCAGCCTCTGGATTCACTTTCAGTGACTATGGAATGCACTGGGTTCGTCAGGCTCCAGAGAAGGGGCTGGAGTGGGTTGCATACATTAGTAGTGGCAGTAGTACCATCTACTATGCAGACACAGTGAAGGGCCGATTCACCATCTCCAGAGACAATGCCAAGAACACCCTGTACCTGCAAATGAGCAGTCTGAAGTCTGAGGACACAGCCATGTATTACTGTGCAAGACGA,
230,IGHV5-2*01,GAGGTGCAGCTGGTGGAGTCTGGGGGAGGCTTAGTGCAGCCTGGAGAGTCCCTGAAACTCTCCTGTGAATCCAATGAATACGAATTCCCTTCCCATGACATGTCTTGGGTCCGCAAGACTCCGGAGAAGAGGCTGGAGTTGGTCGCAGCCATTAATAGTGATGGTGGTAGCACCTACTATCCAGACACCATGGAGAGACGATTCATCATCTCCAGAGACAATACCAAGAAGACCCTGTACCTGCAAATGAGCAGTCTGAGGTCTGAGGACACAGCCTTGTATTACTGTGCAAGACA,
231,IGHV5-2*02,GAGGTGCAGCTGGTGGAGTCTGGGGGAGGCTTAGTGCAGCCTAGAGAGTCCCTGAAACTCTCCTGTGAATCCAATGAATACGAATTCCCTTCCCATGACATGTCTTGGGTCCGCAAGACTCCGGAGAAGAGGCTGGAGTTGGTCGCAGCCATTAATAGTGATGGTGGTAGCACCTACTATCCAGACACCATGGAGAGACGATTCATCATCTCCAGAGACAATACCAAGAAGACCCTGTACCTGCAAATGAGCAGTCTGAGGTCTGAGGACACAGCCTTGTATTACTGTGCAAGACA,
232,IGHV5-2*03,GAAGTGAAGCTGGTGGAGTCTGGGGGAGGCTTAGTGCAGCCTGGAGAGTCCCTGAAACTCTCCTGTGAATCCAATGAATACGAATTCCCTTCCCATGACATGTCTTGGGTCCGCAAGACTCCGGAGAAGAGGCTGGAGTTGGTCGCAGCCATTAATAGTGATGGTGGTAGCACCTACTATCCAGACACCATGGAGAGACGATTCATCATCTCCAGAGACAATACCAAGAAGACCCTGTACCTGCAAATGAGCAGTCTGAGGTCTGAGGACACAGCCATGTATTACTGTGCAAGACGA,
233,IGHV5-4*01,GAAGTGCAGCTGGTGGAGTCTGGGGGAGGCTTAGTGAAGCCTGGAGGGTCCCTGAAACTCTCCTGTGCAGCCTCTGGATTCACTTTCAGTAGCTATGCCATGTCTTGGGTTCGCCAGACTCCGGAAAAGAGGCTGGAGTGGGTCGCAACCATTAGTGATGGTGGTAGTTACACCTACTATCCAGACAATGTAAAGGGCCGATTCACCATCTCCAGAGACAATGCCAAGAACAACCTGTACCTGCAAATGAGCCATCTGAAGTCTGAGGACACAGCCATGTATTACTGTGCAAGAGA,
234,IGHV5-4*02,GAAGTGCAGCTGGTGGAGTCTGGGGGAGGCTTAGTGAAGCCTGGAGGGTCCCTGAAACTCTCCTGTGCAGCCTCTGGATTCACTTTCAGTGACTATTACATGTATTGGGTTCGCCAGACTCCGGAAAAGAGGCTGGAGTGGGTCGCAACCATTAGTGATGGTGGTAGTTACACCTACTATCCAGACAGTGTGAAGGGGCGATTCACCATCTCCAGAGACAATGCCAAGAACAACCTGTACCTGCAAATGAGCAGTCTGAAGTCTGAGGACACAGCCATGTATTACTGTGCAAGAGA,
235,IGHV5-4*03,GAAGTGAAGCTGGTGGAGTCTGGGGGAGGCTTAGTGAAGCCTGGAGGGTCCCTGAAACTCTCCTGTGCAGCCTCTGGATTCACTTTCAGTAGCTATGCCATGTCTTGGGTTCGCCAGACTCCGGAAAAGAGGCTGGAGTGGGTCGCAACCATTAGTGATGGTGGTAGTTACACCTACTATCCAGACAATGTAAAGGGCCGATTCACCATCTCCAGAGACAATGCCAAGAACAACCTGTACCTGCAAATGAGCCATCTGAAGTCTGAGGACACAGCCATGTATTACTGTGCAAGACGA,
236,IGHV5-6*01,GAGGTGCAGCTGGTGGAGTCTGGGGGAGACTTAGTGAAGCCTGGAGGGTCCCTGAAACTCTCCTGTGCAGCCTCTGGATTCACTTTCAGTAGCTATGGCATGTCTTGGGTTCGCCAGACTCCAGACAAGAGGCTGGAGTGGGTCGCAACCATTAGTAGTGGTGGTAGTTACACCTACTATCCAGACAGTGTGAAGGGGCGATTCACCATCTCCAGAGACAATGCCAAGAACACCCTGTACCTGCAAATGAGCAGTCTGAAGTCTGAGGACACAGCCATGTATTACTGTGCAAGACA,
237,IGHV5-6*02,GAAGTGAAGCTGGTGGAGTCTGGGGGAGACTTAGTGAAGCCTGGAGGGTCCCTGAAACTCTCCTGTGCAGCCTCTGGATTCACTTTCAGTAGCTATGGCATGTCTTGGGTTCGCCAGACTCCAGACAAGAGGCTGGAGTGGGTCGCAACCATTAGTAGTGGTGGTAGTTACACCTACTATCCAGACAGTGTGAAGGGGCGATTCACCATCTCCAGAGACAATGCCAAGAACACCCTGTACCTGCAAATGAGCAGTCTGAAGTCTGAGGACACAGCCATGTATTACTGTGCAAGACGA,
238,IGHV5-6*03,GAAGTGAAGCTGGTGGAGTCTGGGGGAGGCTTAGTGAAGCCTGGAGGGTCCCTGAAACTCTCCTGTGCAGCCTCTGGATTCACTTTCAGTAGCTATGGCATGTCTTGGGTTCGCCAGACTCCAGACAAGAGGCTGGAGTGGGTCGCAACCATTAGTAGTGGTGGTAGTTACACCTACTATCCAGACAGTGTGAAGGGGCGATTCACCATCTCCAGAGACAATGCCAAGAACACCCTGTACCTGCAAATGAGCAGTCTGAAGTCTGAGGACACAGCCATGTATTACTGTGCAAGACGA,
239,IGHV5-6-1*01,GAGGTGCAGCTGGTGGAGTCTGGGGGAGACTTAGTGAAGCCTGGAGGGTCCCTGAAACTCTCCTGTGCAGCCTCTGGATTCACTTTCAGTAGCTATGGCATGTCTTGGGTTCGCCAGACTCCAGACAAGAGGCTGGAGTGGGTCGCAACCATTAGTAGTGGTGGTAGTTACACCTACTATCCAGACAGTGTGAAGGGGCGATTCACCATCTCCAGAGACAATGCCAAGAACACCCTGTACCTGCAAATGAGCAGTCTGAAGTCTGAGGACACAGCCATGTATTACTGTGCAAGACA,
240,IGHV5-6-2*01,GACGTGAAGCTCGTGGAGTCTGGGGGAGGCTTAGTGAAGCTTGGAGGGTCCCTGAAACTCTCCTGTGCAGCCTCTGGATTCACTTTCAGTAGCTATTACATGTCTTGGGTTCGCCAGACTCCAGAGAAGAGGCTGGAGTTGGTCGCAGCCATTAATAGTAATGGTGGTAGCACCTACTATCCAGACACTGTGAAGGGCCGATTCACCATCTCCAGAGACAATGCCAAGAACACCCTGTACCTGCAAATGAGCAGTCTGAAGTCTGAGGACACAGCCTTGTATTACTGTGCAAGACA,
241,IGHV5-6-3*01,GAGGTGCAGCTGGTGGAGTCTGGGGGAGGCTTAGTGCAGCCTGGAGGGTCCCTGAAACTCTCCTGTGCAGCCTCTGGATTCACTTTCAGTAGCTATGGCATGTCTTGGGTTCGCCAGACTCCAGACAAGAGGCTGGAGTTGGTCGCAACCATTAATAGTAATGGTGGTAGCACCTATTATCCAGACAGTGTGAAGGGCCGATTCACCATCTCCAGAGACAATGCCAAGAACACCCTGTACCTGCAAATGAGCAGTCTGAAGTCTGAGGACACAGCCATGTATTACTGTGCAAGAGA,
242,IGHV5-6-4*01,GACGTGAAGCTGGTGGAGTCTGGGGGAGGCTTAGTGAAGCCTGGAGGGTCCCTGAAACTCTCCTGTGCAGCCTCTGGATTCACTTTCAGTAGCTATACCATGTCTTGGGTTCGCCAGACTCCGGAGAAGAGGCTGGAGTGGGTCGCAACCATTAGTAGTGGTGGTAGTTACACCTACTATCCAGACAGTGTGAAGGGCCGATTCACCATCTCCAGAGACAATGCCAAGAACACCCTGTACCTGCAAATGAGCAGTCTGAAGTCTGAGGACACAGCCATGTATTACTGTACAAGAGA,
243,IGHV5-6-4*02,GAAGTGAAGCTGGTGGAGTCTGGGGGAGGCTTAGTGAAGCCTGGAGGGTCCCTGAAACTCTCCTGTGCAGCCTCTGGATTCACTTTCAGTAGCTATACCATGTCTTGGGTTCGCCAGTCTCCGGAGAAGAGGCTGGAGTGGGTCGCAACCATTAGTAGTGGTGGTAGTTACACCTACTATCCAGACAGTGTGAAGGGCCGATTCACCATCTCCAGAGACAATGCCAAGAACACCCTGTACCTGCAAATGAGCAGTCTGAAGTCTGAGGACACAGCCATGTATTACTGTACAAGA,
244,IGHV5-6-5*01,GAAGTGAAGCTGGTGGAGTCTGGGGGAGGCTTAGTGAAGCCTGGAGGGTCCCTGAAACTCTCCTGTGCAGCCTCTGGATTCACTTTCAGTAGCTATGCCATGTCTTGGGTTCGCCAGACTCCAGAGAAGAGGCTGGAGTGGGTCGCATCCATTAGTAGTGGTGGTAGCACCTACTATCCAGACAGTGTGAAGGGCCGATTCACCATCTCCAGAGATAATGCCAGGAACATCCTGTACCTGCAAATGAGCAGTCTGAGGTCTGAGGACACGGCCATGTATTACTGTGCAAGAGG,
245,IGHV5-6-6*01,GAAGTGAAGCTCGTGGAGTCTGGGGGAGGCTTAGTGCAGCCTGGAGGGTCCCTGAAACTCTCCTGTGCAGCCTCTGGATTCACTTTCAGTAGCTATGCCATGTCTTGGATTCGCCAGACTCCGGACAAGAGGCTGGAGTGGGTCGCATCCATTAGTAGTGGTGGTAGTTACACCTACTATCCAGACAGTGTGAAGGGGCGATTCACCATCCCCAGAGACAATACCAAGAACACCCTGTACCTGCAAATGAGCAGTCTGAGTTCTAAGGACACAGCCTTGTATTACTGTGCAAGA,
246,IGHV5-9*01,GAAGTGATGCTGGTGGAGTCTGGGGGAGGCTTAGTGAAGCCTGGAGGGTCCCTGAAACTCTCCTGTGCAGCCTCTGGATTCACTTTCAGTAGCTATACCATGTCTTGGGTTCGCCAGACTCCGGAGAAGAGGCTGGAGTGGGTCGCAACCATTAGTGGTGGTGGTGGTAACACCTACTATCCAGACAGTGTGAAGGGTCGATTCACCATCTCCAGAGACAATGCCAAGAACACCCTGTACCTGCAAATGAGCAGTCTGAGGTCTGAGGACACGGCCTTGTATTACTGTGCAAGACA,
247,IGHV5-9*02,GAAGTGAAGCTGGTGGAGTCTGGGGGAGGCTTAGTGAAGCCTGGAGGGTCCCTGAAACTCTCCTGTGCAGCCTCTGGATTCGCTTTCAGTAGCTATGACATGTCTTGGGTTCGCCAGACTCCGGAGAAGAGGCTGGAGTGGGTCGCAACCATTAGTAGTGGTGGTAGTTACACCTACTATCCAGACAGTGTGAAGGGCCGATTCACCATCTCCAGAGACAATGCCAGGAACACCCTGTACCTGCAAATGAGCAGTCTGAGGTCTGAGGACACGGCCTTGTATTACTGTGCAAGACA,
248,IGHV5-9*03,GAAGTGATGCTGGTGGAGTCTGGGGGAGGCTTAGTGAAGCCTGGAGGGTCCCTGAAACTCTCCTGTGCAGCCTCTGGATTCACTTTCAGTAGCTATACCATGTCTTGGGTTCGCCAGACTCCGGAGAAGAGGCTGGAGTGGGTCGCAACCATTAGTAGTGGTGGTGGTAACACCTACTATCCAGACAGTGTGAAGGGTCGATTCACCATCTCCAGAGACAATGCCAAGAACAACCTGTACCTGCAAATGAGCAGTCTGAGGTCTGAGGACACGGCCTTGTATTACTGTGCAAGATA,
249,IGHV5-9*04,GAAGTGAAGCTGGTGGAGTCTGGGGGAGGCTTAGTGAAGCCTGGAGGGTCCCTGAAACTCTCCTGTGCAGCCTCTGGATTCACTTTCAGTAGCTATACCATGTCTTGGGTTCGCCAGACTCCGGAGAAGAGGCTGGAGTGGGTCGCAACCATTAGTGGTGGTGGTGGTAACACCTACTATCCAGACAGTGTGAAGGGTCGATTCACCATCTCCAGAGACAATGCCAAGAACACCCTGTACCTGCAAATGAGCAGTCTGAGGTCTGAGGACACGGCCATGTATTACTGTGCAAGAC,
250,IGHV5-9-1*01,GAAGTGATGCTGGTGGAGTCTGGGGGAGGCTTAGTGAAGCCTGGAGGGTCCCTGAAACTCTCCTGTGCAGCCTCTGGATTCACTTTCAGTAGCTATGCCATGTCTTGGGTTCGCCAGACTCCGGAGAAGAGGCTGGAGTGGGTCGCAACCATTAGTAGTGGTGGTAGTTACACCTACTATCCAGACAGTGTGAAGGGGCGATTCACCATCTCCAGAGACAATGCCAAGAACACCCTGTACCTGCAAATGAGCAGTCTGAGGTCTGAGGACACGGCCATGTATTACTGTGCAAGA,
251,IGHV5-9-1*02,GACGTGAAGCTGGTGGAGTCTGGGGAAGGCTTAGTGAAGCCTGGAGGGTCCCTGAAACTCTCCTGTGCAGCCTCTGGATTCACTTTCAGTAGCTATGCCATGTCTTGGGTTCGCCAGACTCCAGAGAAGAGGCTGGAGTGGGTCGCATACATTAGTAGTGGTGGTGATTACATCTACTATGCAGACACTGTGAAGGGCCGATTCACCATCTCCAGAGACAATGCCAGGAACACCCTGTACCTGCAAATGAGCAGTCTGAAGTCTGAGGACACAGCCATGTATTACTGTACAAGA,
252,IGHV5-9-2*01,GAAGTGAAGCTGGTGGAGTCTGGGGGAGGCTTAGTGAAGCCTGGAGGGTCCCTGAAACTCTCCTGTGCAGCCTCTGGATTCACTTTCAGTAGCTATGGCATGTCTTGGGTTCGCCAGACTCCGGAGAAGAGGCTGGAGTGGGTCGCAACCATTAGTGGTGGTGGTAGTTACACCTACTATCCAGACAGTGTGAAGGGGCGATTCACCATCTCCAGAGACAATGCCAAGAACAACCTGTACCTGCAAATGAGCAGTCTGAGGTCTGAGGACACGGCCTTGTATTACTGTGCAAGACA,
253,IGHV5-9-3*01,GAAGTGCAGCTGGTGGAGTCTGGGGGAGGCTTAGTGAAGCCTGGAGGGTCCCTGAAACTCTCCTGTGCAGCCTCTGGATTCACTTTCAGTAGCTATGCCATGTCTTGGGTTCGCCAGACTCCGGAGAAGAGGCTGGAGTGGGTCGCAACCATTAGTAGTGGTGGTAGTTACACCTACTATCCAGACAGTGTGAAGGGTCGATTCACCATCTCCAGAGACAATGCCAAGAACACCCTGTACCTGCAAATGAGCAGTCTGAGGTCTGAGGACACGGCCATGTATTACTGTGCAAGACA,
254,IGHV5-9-4*01,GAAGTGCAGCTGGTGGAGTCTGGGGGAGGCTTAGTGAAGCCTGGAGGGTCCCTGAAACTCTCCTGTGCAGCCTCTGGATTCACTTTCAGTAGCTATGCCATGTCTTGGGTTCGCCAGTCTCCAGAGAAGAGGCTGGAGTGGGTCGCAGAAATTAGTAGTGGTGGTAGTTACACCTACTATCCAGACACTGTGACGGGCCGATTCACCATCTCCAGAGACAATGCCAAGAACACCCTGTACCTGGAAATGAGCAGTCTGAGGTCTGAGGACACGGCCATGTATTACTGTGCAAGGGA,
255,IGHV5-9-5*01,GAAGTGATGCTGGTGGAGTCTGGGGGAGGCTTAGTGAAGCCTGGAGGGTCCCTGAAACTCTCCTGTGCAGCCTCTGGATTCACTTTCAGTAGCTATACCATGTCTTGGGTTCGCCAGACTCCGGAGAAGAGGCTGGAGTGGGTCGCAACCATTAGTAGTGGTGGTGGTAACACCTACTATCCAGACAGTGTGAAGGGTCGATTCACCATCTCCAGAGACAATGCCAAGAACAACCTGTACCTGCAAATGAGCAGTCTGAGGTCTGAGGACACGGCCTTGTATTACTGTGCAAGATA,
256,IGHV5S21*01,GAAGTGAAGCTGGTGGAGTCTGGGGAAGGCTTAGTGAAGCCTGGAGGGTCCCTGAAACTCTCCTGTGCAGCCTCTGGATTCACTTTCAGTAGCTATGCCATGTCTTGGGTTCGCCAGACTCCAGAGAAGAGGCTGGAGTGGGTCGCATACATTAGTAGTGGTGGTGATTACATCTACTATGCAGACACTGTGAAGGGCCGATTCACCATCTCCAGAGACAATGCCAGGAACACCCTGTACCTGCAAATGAGCAGTCTGAAGTCTGAGGACACAGCCATGTATTACTGTGCAAGACGA,
257,IGHV5S24*01,GAAGTGAAGCTGGTGGAGTCTGGGGGAGGTTTAGTGAAGCCTGGACAGTCCCTGAAACTCTCCTGTGCAGCCTCTGGATTCACTTTCAGTAACTATTACATGTCTTGGGTTCACCAGACTCCGGAGAAGAGGCTGGAGTGGGTTGCATACATTAGTAGTAGTGGTGTTAGCACCTATTATCCAGACAATGTAAAGGGCCGATTCGCCATCTCCAGAGACAATGCCAAGAACACCCTTTACCTGCAAATGACCAGTCTGAAGTCAGAGGACACGGCCATGTATTACTGTGCAAGACGA,
258,IGHV5S4*01,GAAGTGAAGCTGGTGGAGTCTGGGGGAGGCTTAGTGAAGCCTGGAGGGTCCCTGAAACTCTCCTGTGCAACCTCTGGATTCACTTTCAGTAGCTATGGCATGTCTTGGGTTCGCCAGACTCCGGAGAAGAGGCTGGAGTGGGTCGCAACCATTAGTGGTGGTGGTAGTTACACCTACTATCCAGACAGTGTGAAGGGGCGATTCACCATCTCCAGAGACAATGCCAAGAACAACCTGTACCTGCAAATGAGCAGTCTGAGGTCTGAGGACACGGCCTTGTATTACTGTGCAAGA,
259,IGHV6-3*01,GAAGTGAAGCTTGAGGAGTCTGGAGGAGGCTTGGTGCAACCTGGAGGATCCATGAAACTCTCCTGTGTTGCCTCTGGATTCACTTTCAGTAACTACTGGATGAACTGGGTCCGCCAGTCTCCAGAGAAGGGGCTTGAGTGGGTTGCTCAAATTAGATTGAAATCTGATAATTATGCAACACATTATGCGGAGTCTGTGAAAGGGAGGTTCACCATCTCAAGAGATGATTCCAAAAGTAGTGTCTACCTGCAAATGAACAACTTAAGGGCTGAAGACACTGGAATTTATTACTGCACAGG,
260,IGHV6-3*02,GAAGTGAAGCTTGAGGAGTCTGGAGGAGGCTTGGTGCAACCTGGAGGATCCATGAAACTCTCCTGTGTTGCCTCTGGATTCACTTTCAGTAACTACTGGATGTCCTGGGTCCGCCAGTCTCCAGAGAAGGGGCTTGAGTGGGTTGCTCAAATAAGATTGAAATCTGATAATTATGCAACACATTATGCGGAGTCTGTGAAAGGGAGGTTCACCATATCAAGAGATGATTCCAAAAGTAGTGTCTACCTGCAAATGAACAACTTAAGGGCTGAAGACACTGGAATTTATTACTGCACAGG,
261,IGHV6-3*03,GAAGTGAAGCTTGAGGAGTCTGGAGGAGGCTTGGTGCAACCTGGAGGATCCATGAAACTCTCCTGTGTTGCCTCTGGATTCACTTTCAGTAACTACTGGATGTCCTGGGTCCGCCAGTCTCCAGAGAAGGGGCTTGAGTGGGTTGCTCAAATAAGATTGAAATCTGATAATTATGCAACACATTATGCGGAGTCTGTGAAAGGGAGGTTCACCATATCAAGAGATGATTCCAAAAGTAGTGTCTACCTGCAAATGAACAACTTAAGGGCTGAAGACACTGGAATTTATTACTGCACAGGC,
262,IGHV6-4*01,GATGTGAACCTGGAAGTGTCTGGAGGAGGCTTAGTTAAACCTGGAGGATCCATGCAACTCTTTTGTGTAGCCTCTGGATTTACTTTTGTAGATGGCTGGATGGACTGGGTCCGCCAGTCTCCAGAGAAGGGTCTTGAGTGGGTTGCTGAAATTGCAAACAAAGCTAATAATTATGCAACATATTATCCCGAGTCTGTGAAAGGCAGATTCACCATCTCAAGAGATGATTTCAAAAGTAGTGTCTACCTGCATATGAACAGCTTAAGAGCCGAAGATACAGGCATTTATTACTGTACAAGG,
263,IGHV6-6*01,GAAGTGAAGCTTGAGGAGTCTGGAGGAGGCTTGGTGCAACCTGGAGGATCCATGAAACTCTCTTGTGCTGCCTCTGGATTCACTTTTAGTGACGCCTGGATGGACTGGGTCCGCCAGTCTCCAGAGAAGGGGCTTGAGTGGGTTGCTGAAATTAGAAACAAAGCTAATAATCATGCAACATACTATGCTGAGTCTGTGAAAGGGAGGTTCACCATCTCAAGAGATGATTCCAAAAGTAGTGTCTACCTGCAAATGAACAGCTTAAGAGCTGAAGACACTGGCATTTATTACTGTACCAGG,
264,IGHV6-6*02,GAAGTGAAGCTTGAGGAGTCTGGAGGAGGCTTGGTGCAACCTGGAGGATCCATGAAACTCTCCTGTGTTGCCTCTGGATTCACTTTCAGTAACTACTGGATGAACTGGGTCCGCCAGTCTCCAGAGAAGGGGCTTGAGTGGGTTGCTGAAATTAGATTGAAATCTAATAATTATGCAACACATTATGCGGAGTCTGTGAAAGGGAGGTTCACCATCTCAAGAGATGATTCCAAAAGTAGTGTCTACCTGCAAATGAACAACTTAAGAGCTGAAGACACTGGCATTTATTACTGTACCAGG,
265,IGHV6-7*01,GAGGAGAAGCTGGATGAGTCTGGAGGAGGCTTGGTGCAACCTGGGAGGTCCATGAAACTCTCCTGTGTTGCCTCTGGATTCACTTTTACTAACTCCTGGATGAACTGGTTCTGCCAGTCTCCAGAGAAAGGACTGGAGTGGGTAGCACAAATTAAAAGCAAACCTTATAATTATGAAACATATTATTCAGATTCTGTGAAAGGCAGATTCACCATCTCAAGAGATGATTCCAAAAGTAGTGTATACCTGCAAATGAACAACTTAAGAGCTGAAGACACGGGCATCTATTACTGTACATGG,
266,IGHV6-7*02,GAGGTGAAGCTGGATGAGACTGGAGGAGGCTTGGTGCAACCTGGGAGGCCCATGAAACTCTCCTGTGTTGCCTCTGGATTCACTTTTAGTGACTACTGGATGAACTGGGTCCGCCAGTCTCCAGAGAAAGGACTGGAGTGGGTAGCACAAATTAGAAACAAACCTTATAATTATGAAACATATTATTCAGATTCTGTGAAAGGCAGATTCACCATCTCAAGAGATGATTCCAAAAGTAGTGTCTACCTGCAAATGAACAACTTAAGAGCTGAAGACATGGGTATCTATTACTGTACATGG,
267,IGHV6S2*01,GATGTGAACTTGGAAGTGTCTGGAGGAGGCTTAGTTGGGCTTGGAGGATCCATGCAACGCTCTTGTGTAGACTCTGGATTTACTTTTGTAGATGGCTGGATGGACTGGGTCTGCCAGTCTCCAGAGAAGGGTCTTGAGTGGGTTGCTGAAATTGCAAACAAGCTA,
268,IGHV6S3*01,GATGTGAACTTGGAAGTGTCTGGAGGAGGCTTAGTTGGGCTTGGAGGATCCATGCAACACTCTTGTGTAGACTCTGGATTTACTTTTGTAGATGGCTGGATGGACTGGGTTCGCCAGTCTCCAGAGAAGGGTCTTGAGTGGGTTGCTGAAATTGCAAACAAGCTA,
269,IGHV7-1*01,GAGGTGAAGCTGGTGGAATCTGGAGGAGGCTTGGTACAGTCTGGGCGTTCTCTGAGACTCTCCTGTGCAACTTCTGGGTTCACCTTCAGTGATTTCTACATGGAGTGGGTCCGCCAAGCTCCAGGGAAGGGACTGGAGTGGATTGCTGCAAGTAGAAACAAAGCTAATGATTATACAACAGAGTACAGTGCATCTGTGAAGGGTCGGTTCATCGTCTCCAGAGACACTTCCCAAAGCATCCTCTACCTTCAGATGAATGCCCTGAGAGCTGAGGACACTGCCATTTATTACTGTGCAAGAGATGCA,
270,IGHV7-1*02,GAGGTGAAGCTGGTGGAATCTGGAGGAGGCTTGGTACAGCCTGGGGGTTCTCTGAGACTCTCCTGTGCAACTTCTGGGTTCACCTTCAGTGATTTCTACATGGAGTGGGTCCGCCAGCCTCCAGGGAAGAGACTGGAGTGGATTGCTGCAAGTAGAAACAAAGCTAATGATTATACAACAGAGTACAGTGCATCTGTGAAGGGTCGGTTCATCGTCTCCAGAGACACTTCCCAAAGCATCCTCTACCTTCAGATGAATGCCCTGAGAGCTGAGGACACTGCCATTTATTACTGTGCAAGAGATGCA,
271,IGHV7-1*03,GAGGTGAAGCTGGTGGAATCTGGAGGAGGCTTGGTACAGTCTGGGCGTTCTCTGAGACTCTCCTGTGCAACTTCTGGGTTCACCTTCAGTGATTTCTACATGGAGTGGGTCCGCCAAGCTCCAGGGAAGGGACTGGAGTGGATTGCTGCAAGTAGAAACAAAGCTAATGATTATACAACAGAGTACAGTGCATCTGTGAAGGGTCGGTTCATCGTCTCCAGAGACACTTCCCAAAGCATCCTCTACCTTCAGATGAATGCCCTGAGAGCTGAGGACACTGCCATTTATTACTGTGCAAGAGATGCA,
272,IGHV7-3*01,GAGGTGAAGCTGGTGGAGTCTGGAGGAGGCTTGGTACAGCCTGGGGGTTCTCTGAGTCTCTCCTGTGCAGCTTCTGGATTCACCTTCACTGATTACTACATGAGCTGGGTCCGCCAGCCTCCAGGGAAGGCACTTGAGTGGTTGGGTTTTATTAGAAACAAAGCTAATGGTTACACAACAGAGTACAGTGCATCTGTGAAGGGTCGGTTCACCATCTCCAGAGATAATTCCCAAAGCATCCTCTATCTTCAAATGAATGCCCTGAGAGCTGAGGACAGTGCCACTTATTACTGTGCAAGATATA,
273,IGHV7-3*02,GAGGTGAAGCTGGTGGAGTCTGGAGGAGGCTTGGTACAGCCTGGGGGTTCTCTGAGACTCTCCTGTGCAACTTCTGGGTTCACCTTCACTGATTACTACATGAGCTGGGTCCGCCAGCCTCCAGGAAAGGCACTTGAGTGGTTGGGTTTTATTAGAAACAAAGCTAATGGTTACACAACAGAGTACAGTGCATCTGTGAAGGGTCGGTTCACCATCTCCAGAGATAATTCCCAAAGCATCCTCTATCTTCAAATGAACACCCTGAGAGCTGAGGACAGTGCCACTTATTACTGTGCAAGAGATA,
274,IGHV7-3*03,GAGGTGAAGCTGGTGGAGTCTGGAGGAGGCTTGGTACAGCCTGGGGGTTCTCTGAGTCTCTCCTGTGCAGCTTCTGGATTCACCTTCACTGATTACTACATGAGCTGGGTCCGCCAGCTTCCAGGGAAGGCACTTGAGTGGTTGGGTTTTATTAGAAACAAAGCTAATGGTTACACAACAGAGTACAGTGCATCTGTGAAGGGTCGGTTCACCATCTCCAGAGATAATTCCCAAAGCATCCTCTATCTTCAAATGAATGCCCTGAGAGCTGAGGACAGTGCCACTTATTACTGTGCAAAAGATA,
275,IGHV7-3*04,GAGGTGAAGCTGGTGGAGTCTGGAGGAGGCTTGGTACAGCCTGGGGGTTCTCTGAGTCTCTCCTGTGCAGCTTCTGGATTCACCTTCACTGATTACTACATGAGCTGGGTCCGCCAGCCTCCAGGGAAGGCACTTGAGTGGTTGGCTTTGATTAGAAACAAAGCTAATGGTTACACAACAGAGTACAGTGCATCTGTGAAGGGTCGGTTCACCATCTCCAGAGATAATTCCCAAAGCATCCTCTATCTTCAAATGAATGCCCTGAGAGCTGAGGACAGTGCCACTTATTACTGTGCAAGAGATA,
276,IGHV7-4*01,GAGGTGAAGCTGATGGAATCTGGAGGAGGCTTGGTACAGCCTGGGGCTTCTCTGAGACTCTCCTGTGCAGCTTCTGGATTCACCTTTACTGATTACTACATGAGCTGGGTCCGCCAGCCTCCAGGGAAGGCACCTGAGTGGTTGGCTTTGATTAGAAACAAAGCTAATGGTTACACAACAGAGTATACTGCATCTGTTAAGGGTCGGTTCACCATCTCCAGAGATAATTCCCAAAACATCCTCTATCTTCAAATGAACACCCTGAGGGCTGAGGACAGTGCCACTTATTACTGTGTAAAAGCTGTA,
277,IGHV7-4*02,GAGGTGAAGCTGATGGAGTCTGGAGGAGGCTTGGTACAGCCTGGGGCTTCTCTGAGACTCTCCTGTGAAGCTTCTGGATTCACCTTCACTGATTACTACATGAGCTGGGTCCGCCAGCCTCCAGGGAAGTCACCTGAGTGGTTGGCTTTGATTAGAAACAAAGCTAATGGCTATACAACAGAGTATAGTGCATCTGTTAAGGGTCGGTTCACCATCTCCAGAGATAATTCTCAAAACATCCTCTATCTTCAAATGAACACCCTGAGAGCTGAGGCCAGTGCCACTTATTACTGTGCAAAAGATGTA,
278,IGHV7-4*03,GAGGTGAAGCTGATGGAGTCTGGAGGAGGCTTGGTACAGCCTGGGGCTTCTCTGAGACTCTCCTGTGAAGCTTCTGGATTCACCTTCACTGATTACTACATGAGCTGGGTCCGCCAGCCTCCAGGGAAGTCACCTGAGTGGTTGGCTTTGATTAGAAACAAAGCTAATGGCTATACAACAGAGTATAGTGCATCTGTTAAGGGTCGGTTCACCATCTCCAGAGATAATTCTCAAAACATCCTCTATCTTCAAATGAACACCCTGAGAGCTGAGGCCAGTGCCACTTATTACTGTGCAAAAGATGTA,
279,IGHV7-4*04,GAGGTGAAGCTGGTGGAATCTGGAGGAGGCTTGGTACAGCCTGGGGGTTCTCTGAGACTCTCCTGTGCAGCTTCTGGATTCACCTTTACTGATTACTACATGAGCTGGGTCCGCCAGCCTCCAGGGAAGGCACCTGAGTGGTTGGCTTTGATTAGAAACAAAGCTAATGGTTACACAACAGAGTATACTGCATCTGTTAAGGGTCGGTTCACCATCTCCAGAGATAATTCCCAAAACATCCTCTATCTTCAAATGAACACCCTGAGGGCTGAGGACAGTGCCACTTATTACTGTGTAAAAGCTGTA,
280,IGHV8-11*01,CAGATTACTCAGAAAGAGTCTGGCCCTGGGATATTGCAGCCCTCCCAGACCCTCAGTCTGACTTGTTCTTTCTCTGGGTTTTCACTGAGCACTTCTGGTATGGGTGTAGGCTGGATTCATCAGCCTTCAGGGAATGGTCTGGAGTGGCTGGCACACATTTGGTGGAATGATAATAAGTACTATAACACAGCCCTGAAGAGCCGGCTCACAATCTCCAAGGATACCTCCAACAACCAGGTATTCCTCAAGATCGCCAGTGTGGACACTGCAGATACTGCCACATACTACTGTGCTCGAATAG,
281,IGHV8-12*01,CAGGTTACTCTGAAAGAGTCTGGCCCTGGGATATTGCAGTCCTCCCAGACCCTCAGTCTGACTTGTTCTTTCTCTGGGTTTTCACTGAGCACTTCTGGTATGGGTGTGAGCTGGATTCGTCAGCCTTCAGGAAAGGGTCTGGAGTGGCTGGCACACATTTACTGGGATGATGACAAGCGCTATAACCCATCCCTGAAGAGCCGGCTCACAATCTCCAAGGATACCTCCAGAAACCAGGTATTCCTCAAGATCACCAGTGTGGACACTGCAGATACTGCCACATACTACTGTGCTCGAAGAG,
282,IGHV8-5*02,CAGGTTACTCTGAAAGAGTCTGGCCCTGGGATATTGCAGCCCTCCCAGACCCTCAGTCTGACTTGTTCTTTCTCTGGGTTTTCACTGAGCACTTCTAATATGGGTATAGGCTGGATTCGTCAGCCTTCAGGGAAGGGTCTAGAGTGGCTGGCACACATTTGGTGGAATGATGATAAGTACTATAACCCATCCCTGAAGAGCCGGCTCACAATCTCCAAGGATACCTCCAACAACCAGGTATTCCTCAAGATCACCACTGTGGACACTGCAGATACTGCCACATAC,
283,IGHV8-6*01,CAGGTTACTCTGAAAGAGTCTGGCCCTGGTATATTGCAGCCCTCGCAGACCCTCAGTCTGACTTGTTCTTTCTCTGGGTTTTCACTGAGTACTTTTGGTATGGGTGTGAGCTGGATTCGTCAGCCTTCAGGGAAGGATCTGGAGTGGCTGGCACACATTTATTGGGATGATGACAAGCACTATAACCCATCCTTGAAGAGCCAGCTCAGAATCTCCAAGGATACCTCCAACAACCAGGTATTCCTCAAGATCACCACTGTGGACACTGTAGATACTGCCACATACTACTGTGCTCGAAGAG,
284,IGHV8-8*01,CAGGTTACTCTGAAAGAGTCTGGCCCTGGGATATTGCAGCCCTCCCAGACCCTCAGTCTGACTTGTTCTTTCTCTGGGTTTTCACTGAGCACTTTTGGTATGGGTGTAGGCTGGATTCGTCAGCCTTCAGGGAAGGGTCTGGAGTGGCTGGCACACATTTGGTGGGATGATGATAAGTACTATAACCCAGCCCTGAAGAGTCGGCTCACAATCTCCAAGGATACCTCCAAAAACCAGGTATTCCTCAAGATCGCCAATGTGGACACTGCAGATACTGCCACATACTACTGTGCTCGAATAG,
285,IGHV8-8*02,CAGGTTACTCTGAAAGAGTCTGGCCCTGGTATATTGCAGCCCTCCCAGACCCTCAGTCTGACTTGTTCTTTCTCTGGGTTTTCACTGAGCACTTTTGGTATGGGTATAGGCTGGATTCGTCAGCCTTCAGGGAAGGGTCTAGAGTGGCTGGCACACATTTGGTGGGATGATGATAAGTACTATAACCCAGCCCTGAAGAGTCGGCTCACAATCTCCAAGGATACCTCCAACAACCAGGTATTCCTCAAGATCACCAGTGTGGACACTGCAGATACTGCCACATAC,
286,IGHV8-9*03,CAGGTTACTCTGAAAGAGTCTGGCCCTGGTATATTGCAGTCCTCCCAGACCCTCAGTCTGACCTGTTCTTTCTCTGTGTTTTCACTGAGCACTTTTGGTATGGGTGTGAGCTGGATTCGTCAGCCTTCAGGGAAGGGTCTGGAGTGGCTGGCACACATTTATTGGGATGAGGACAAGCACTATAAACCATCCTTGAAGAGCCGGCTCACAATCTCCAAGGATACCTCCAACAACCAGGTATTCCTCAAGATCACCAGTGTGGACACTGCAGATACTGCCACATAC,
287,IGHV8S9*01,CAGGTTACTCTGAAAGAGTCTGGCCCTGGGATATTGCAGTCCTCCCAGACCCTCAGTCTGACTTGTTCTTTCTCTGGGTTTTCACTGAACACTTCTGGTATGGGTGTGAGCTGGATTCGTCAGCCTTCAGGAAAGGGTCTGGAGTGGCTGGCACACATTTACTGGGATGATGACAAGCGCTATAACCCATCCCTGAAGAGCCGGCTCACAATCTCCAAGGATACCTCCAGAAACCAGGTATTCCTCAAGATCACCAGTGTGGACACTGCAGATACTGCCACATAC,
288,IGHV9-1*01,CAGATCCAGTTGGTGCAGTCTGGACCTGAGCTGAAGAAGCCTGGAGAGACAGTCAAGATCTCCTGCAAGGCTTCTGGGTATACCTTCACAGAATATCCAATGCACTGGGTGAAGCAGGCTCCAGGAAAGGGTTTCAAGTGGATGGGCATGATATACACCGACACTGGAGAGCCAACATATGCTGAAGAGTTCAAGGGACGGTTTGCCTTCTCTTTGGAGACCTCTGCCAGCACTGCCTATTTGCAGATCAACAACCTCAAAAATGAGGACACGGCTACATATTTCTGTGTAAGA,
289,IGHV9-1*02,CAGATCCAGTTGGTGCAGTCTGGACCTGAGCTGAAGAAGCCTGGAGAGACAGTCAAGATCTCCTGCAAGGCTTCTGGGTATACCTTCACAAACTATGGAATGAACTGGGTGAAGCAGGCTCCAGGAAAGGGTTTAAAGTGGATGGGCTGGATAAACACCTACACTGGAGAGCCAACATATGCTGATGACTTCAAGGGACGGTTTGCCTTCTCTTTGGAAACCTCTGCCAGCACTGCCTATTTGCAGATCAACAACCTCAAAAATGAGGACATGGCTACATATTTCTGTGCAAGA,
290,IGHV9-1*03,CAGATCCAGTTGGTGCAGTCTGGACCTGAGCTGAAGAAGCCTGGAGAGACAGTCAAGATCTCCTGCAAGGCTTCTGGGTATACCTTCACAAACTATGGAATGAACTGGGTGAAGCAGGCTCCAGGAAAGGGTTTAAAGTGGATGGGCTGGATAAACACCTACACTGGAGAGCCAACATATGCTGATGACTTCAAGGGACGGTTTGCCTTCTCTTTGGAAACCTCTGCCAGCACTGCCTATTTGCAGATCAACAACCTCAAAAATGAGGACACGGCTACAT,
291,IGHV9-1*04,CAGATCCAGTTGGCGCAGTCTGGACCTGAGCTGAAGAAGCCTGGAGAGACAGTCAAGATCTCCTGCAAGGCTTCTGGGTATACCTTCACAAACTATGGAATGAACTGGGTGAAGCAGGCTCCAGGAAAGGGTTTAAAGTGGATGGGCTGGATAAACACCTACACTGGAGAGCCAACATATGCTGATGACTTCAAGGGACGGTTTGCCTTCTCTTTGGAAACCTGTGCCAGCACTGCCTATTTGCAGATCAACAACCTCAAAAATCAGGACACGGCTACAT,
292,IGHV9-2*01,CAGATCCAGTTCGTGCAGTCTGGACCTGAGCTGAAGAAGCCTGGAGAGACAGTCAAGATCTCCTGCAAGGCTTCTGTGTATACCTTCACAGAATATCCAATGCACTGGGTGAAGCAGGCTCCAGGAAAGGGTTTCAAGTGGATGGGCTGGATAAACACCTACTCTGGAGAGCCAACATATGCTGACGACTTCAAGGGACGGTTTGCCTTTTCTTTGGAAACCTCTGCCAGCACTGCCTATTTGCAGATCAACAACCTCAAAAATGAGGACACGGCTACATATTTCTGTGCAAGA,
293,IGHV9-2*02,CAGATCCAGTTGGTGCAGTCTGGACCTGAGCTGAAGAAGCCTGGAGAGACAGTCAAGATCTCCTGCAAGGCTTCTGGCTATACCTTCACAAACTATGCAATGCACTGGGTGAAGCAGGCTCCAGGAAAGGGTTTAAAGTGGATGGGCTGGAAATACACCAACACTGGAGAGCCAACATATGGTGATGACTTCAAGGGACGGTTTGCCTTCTCTTTGGAAACCTCTGCCAGCACTGCCTATTTGCAGATCAACAACCTCAAAAATGAGGACATGGCTACATATTTCTGTGCAAGA,
294,IGHV9-2-1*01,CAGATCCAGTTGGTGCAGTCTGGACCTGAGCTGAAGAAGCCTGGAGAGACAGTCAAGATCTCCTGCAAGGCTTCTGGTTATACCTTCACAGACTATTCAATGCACTGGGTGAAGCAGGCTCCAGGAAAGGGTTTAAAGTGGATGGGCTGGATAAACACTGAGACTGGTGAGCCAACATATGCAGATGACTTCAAGGGACGGTTTGCCTTCTCTTTGGAAACCTCTGCCAGCACTGCCTATTTGCAGATCAACAACCTCAAAAATGAGGACACGGCTACATATTTCTGTGCTAGA,
295,IGHV9-3*01,CAGATCCAGTTGGTACAGTCTGGACCTGAGCTGAAGAAGCCTGGAGAGACAGTCAAGATCTCCTGCAAGGCTTCTGGGTATACCTTCACAACCTATGGAATGAGCTGGGTGAAACAGGCTCCAGGAAAGGGTTTAAAGTGGATGGGCTGGATAAACACCTACTCTGGAGTGCCAACATATGCTGATGACTTCAAGGGACGGTTTGCCTTCTCTTTGGAAACCTCTGCCAGCACTGCCTATTTGCAGATCAACAACCTCAAAAATGAGGACACGGCTACATATTTCTGTGCAAGA,
296,IGHV9-3*02,CAGATCCAGTTGGTGCAGTCTGGACCTGAGCTGAAGAAGCCTGGAGAGACAGTCAAGATCTCCTGCAAGGCTTCTGGGTATACCTTCACAAACTATGGAATGAACTGGGTGAAGCAGGCTCCAGGAAAGGGTTTAAAGTGGATGGGCTGGATAAACACCAACACTGGAGAGCCAACATATGCTGAAGAGTTCAAGGGACGGTTTGCCTTCTCTTTGGAAACCTCTGCCAGCACTGCCTATTTGCAGATCAACAACCTCAAAAATGAGGACACGGCTACATATTTCTGTGCAAGA,
297,IGHV9-3*03,CAGATCCAGTTGGTGCAGTCTGGACCTGAGCTGAAGAAGCCTGGAGAGACAGTCAAGATCTCCTGCAAGGCTTCTGGGTATACCTTCACAAACTATGGAATGAACTGGGTGAAGCAGGCTCCAGGAAAGGGTTTAAAGTGGATGGGCTGGATAAACACCAACACTGGAGAGCCAACATATGCTGAAGAGTTCAAGGGACGGTTTGCCTTCTCTTTGGAAACCTCTGCCAGCACTGCCTATTTGCAGATCAACAACCTCAAAAATGAGGACACGGCTACATATTTCTGT,
298,IGHV9-3-1*01,CAGATCCAGTTGGTGCAGTCTGGACCTGAGCTGAAGAAGCCTGGAGAGACAGTCAAGATCTCCTGCAAGGCTTCTGGGTATACCTTCACAAACTATGGAATGAACTGGGTGAAGCAGGCTCCAGGAAAGGGTTTAAAGTGGATGGGCTGGATAAACACCTACACTGGAGAGCCAACATATGCTGATGACTTCAAGGGACGGTTTGCCTTCTCTTTGGAAACCTCTGCCAGCACTGCCTATTTGCAGATCAACAACCTCAAAAATGAGGACACGGCTACATATTTCTGTGCAAGA,
299,IGHV9-4*01,CAGATCCAGTTGGTGCAGTCTGGACCTGAGCTGAAGAAGCCTGGAGAGACAGTCAAGATCTCCTGCAAGGCTTCTGGGTATACCTTCACAACTGCTGGAATGCAGTGGGTGCAAAAGATGCCAGGAAAGGGTTTTAAGTGGATTGGCTGGATAAACACCCACTCTGGAGAGCCAAAATATGCAGAAGACTTCAAGGGACGGTTTGCCTTCTCTTTGGAAACCTCTGCCAGCACTGCCTATTTACAGATAAGCAACCTCAAAAATGAGGACACGGCTACGTATTTCTGTGCGAGA,
300,IGHV9-4*02,CAGATCCAGTTGGTGCAGTCTGGACCTGAGCTGAAGAAGCCTGGAGAGACAGTCAGGATCTCCTGCAAGGCTTCTGGGTATACCTTCACAACTGCTGGAATGCAGTGGGTGCAAAAGATGCCAGGAAAGGGTTTGAAGTGGATTGGCTGGATAAACACCCACTCTGGAGTGCCAAAATATGCAGAAGACTTCAAGGGACGGTTTGCCTTCTCTTTGGAAACCTCTGCCAGCACTGCATATTTACAGATAAGCAACCTCAAAAATGAGGACACGGCTACGTATTTCTGTGCGAGA,
301,IGHV9S8*01,CAGATCCAGTTGGTGCAGTCTGGACCTGAGCTGAAGAAGCCTGGAGAGACAGTCAAGATCTCCTGCAAGGCTTCTGGGTATACCTTCACAAACTATGGAATGAACTGGGTGAAGCAGGCTCCAGGAAAGGGTTTAAAGTGGATGGGCTGGATAAACACTGAGACTGGTGAGCCAACATATGCAGATGACTTCAAGGGACGGTTTGCCTTCTCTTTGGAAACCTCTGCCAGCACTGCCTATTTGCAGATCAACAACCTCAAAAATGAGGACACGGCTACATATTTCTGT,
